STATE_UT,custom_year,total_exposure,total_state_pop,weighted_score
ANDAMAN AND NICOBAR ISLANDS,1993,0.0,397624.51171875,0.0
ANDAMAN AND NICOBAR ISLANDS,1994,0.0,397624.51171875,0.0
ANDAMAN AND NICOBAR ISLANDS,1995,0.0,397624.51171875,0.0
ANDAMAN AND NICOBAR ISLANDS,1996,0.0,397624.51171875,0.0
ANDAMAN AND NICOBAR ISLANDS,1997,0.0,397624.51171875,0.0
ANDAMAN AND NICOBAR ISLANDS,1998,264149.21875,397624.51171875,0.6643182474043238
ANDAMAN AND NICOBAR ISLANDS,1999,0.0,397624.51171875,0.0
ANDAMAN AND NICOBAR ISLANDS,2000,0.0,397624.51171875,0.0
ANDAMAN AND NICOBAR ISLANDS,2001,28956.75390625,397624.51171875,0.07282436834963497
ANDAMAN AND NICOBAR ISLANDS,2002,0.0,397624.51171875,0.0
ANDAMAN AND NICOBAR ISLANDS,2003,28956.75390625,397624.51171875,0.07282436834963497
ANDAMAN AND NICOBAR ISLANDS,2004,0.0,397624.51171875,0.0
ANDAMAN AND NICOBAR ISLANDS,2005,0.0,397624.51171875,0.0
ANDAMAN AND NICOBAR ISLANDS,2006,0.0,397624.51171875,0.0
ANDAMAN AND NICOBAR ISLANDS,2007,28956.75390625,397624.51171875,0.07282436834963497
ANDAMAN AND NICOBAR ISLANDS,2008,0.0,397624.51171875,0.0
ANDAMAN AND NICOBAR ISLANDS,2009,28956.75390625,397624.51171875,0.07282436834963497
ANDAMAN AND NICOBAR ISLANDS,2010,264149.21875,397624.51171875,0.6643182474043238
ANDAMAN AND NICOBAR ISLANDS,2011,28956.75390625,397624.51171875,0.07282436834963497
ANDAMAN AND NICOBAR ISLANDS,2012,0.0,397624.51171875,0.0
ANDAMAN AND NICOBAR ISLANDS,2013,737335.515625,397624.51171875,1.85435126330073
ANDAMAN AND NICOBAR ISLANDS,2014,57913.5078125,397624.51171875,0.14564873669926995
ANDAMAN AND NICOBAR ISLANDS,2015,28956.75390625,397624.51171875,0.07282436834963497
ANDAMAN AND NICOBAR ISLANDS,2016,737335.515625,397624.51171875,1.85435126330073
ANDAMAN AND NICOBAR ISLANDS,2017,0.0,397624.51171875,0.0
ANDAMAN AND NICOBAR ISLANDS,2018,0.0,397624.51171875,0.0
ANDAMAN AND NICOBAR ISLANDS,2019,28956.75390625,397624.51171875,0.07282436834963497
ANDAMAN AND NICOBAR ISLANDS,2020,0.0,397624.51171875,0.0
ANDAMAN AND NICOBAR ISLANDS,2021,531099.8046875,397624.51171875,1.3356817525956761
ANDAMAN AND NICOBAR ISLANDS,2022,0.0,397624.51171875,0.0
ANDAMAN AND NICOBAR ISLANDS,2023,162432.046875,397624.51171875,0.4085061209453112
ANDAMAN AND NICOBAR ISLANDS,2024,28956.75390625,397624.51171875,0.07282436834963497
ANDHRA PRADESH,1993,0.0,49717029.75,0.0
ANDHRA PRADESH,1994,33409025.625,49717029.75,0.6719835395033832
ANDHRA PRADESH,1995,53991003.5625,49717029.75,1.0859659926184548
ANDHRA PRADESH,1996,11625692.625,49717029.75,0.23383723210053595
ANDHRA PRADESH,1997,13719730.0,49717029.75,0.27595634873984
ANDHRA PRADESH,1998,13256929.0,49717029.75,0.2666476470268218
ANDHRA PRADESH,1999,20457892.875,49717029.75,0.4114866269741305
ANDHRA PRADESH,2000,25829355.375,49717029.75,0.5195273230295903
ANDHRA PRADESH,2001,33647175.3125,49717029.75,0.6767736423855852
ANDHRA PRADESH,2002,0.0,49717029.75,0.0
ANDHRA PRADESH,2003,7854166.25,49717029.75,0.15797738299118724
ANDHRA PRADESH,2004,2140995.75,49717029.75,0.04306362952022491
ANDHRA PRADESH,2005,34026141.125,49717029.75,0.6843960971944427
ANDHRA PRADESH,2006,34749636.625,49717029.75,0.6989483643680463
ANDHRA PRADESH,2007,14922557.0625,49717029.75,0.3001498105887953
ANDHRA PRADESH,2008,21502105.75,49717029.75,0.4324897496516272
ANDHRA PRADESH,2009,56804432.25,49717029.75,1.1425548254921645
ANDHRA PRADESH,2010,12534517.125,49717029.75,0.25211717570476944
ANDHRA PRADESH,2011,2469686.25,49717029.75,0.04967485512345998
ANDHRA PRADESH,2012,18503468.5,49717029.75,0.37217566280696807
ANDHRA PRADESH,2013,8683825.5,49717029.75,0.17466501003109502
ANDHRA PRADESH,2014,32526829.0625,49717029.75,0.6542391857691378
ANDHRA PRADESH,2015,43889544.9375,49717029.75,0.8827869476152685
ANDHRA PRADESH,2016,17062642.25,49717029.75,0.3431951252075754
ANDHRA PRADESH,2017,16453059.5,49717029.75,0.3309340799869485
ANDHRA PRADESH,2018,5414790.0625,49717029.75,0.10891217938255855
ANDHRA PRADESH,2019,14993701.9375,49717029.75,0.30158080667520165
ANDHRA PRADESH,2020,51222924.3125,49717029.75,1.0302893107265725
ANDHRA PRADESH,2021,18955920.0,49717029.75,0.38127619641235705
ANDHRA PRADESH,2022,10908064.9375,49717029.75,0.2194029891236614
ANDHRA PRADESH,2023,29467468.1875,49717029.75,0.5927037141131707
ANDHRA PRADESH,2024,39325884.25,49717029.75,0.7909942417668264
ARUNACHAL PRADESH,1993,0.0,1431254.3544921875,0.0
ARUNACHAL PRADESH,1994,470493.912109375,1431254.3544921875,0.3287283707697835
ARUNACHAL PRADESH,1995,369476.24609375,1431254.3544921875,0.25814855684742427
ARUNACHAL PRADESH,1996,247218.66015625,1431254.3544921875,0.1727286693523904
ARUNACHAL PRADESH,1997,174965.4609375,1431254.3544921875,0.1222462383351687
ARUNACHAL PRADESH,1998,221890.08203125,1431254.3544921875,0.15503190004964362
ARUNACHAL PRADESH,1999,0.0,1431254.3544921875,0.0
ARUNACHAL PRADESH,2000,87351.1953125,1431254.3544921875,0.06103121715461429
ARUNACHAL PRADESH,2001,198523.076171875,1431254.3544921875,0.13870565741776308
ARUNACHAL PRADESH,2002,157791.5126953125,1431254.3544921875,0.11024700969472145
ARUNACHAL PRADESH,2003,34883.6171875,1431254.3544921875,0.024372758816777043
ARUNACHAL PRADESH,2004,425413.94140625,1431254.3544921875,0.2972315438349796
ARUNACHAL PRADESH,2005,0.0,1431254.3544921875,0.0
ARUNACHAL PRADESH,2006,14497.5263671875,1431254.3544921875,0.010129245246790014
ARUNACHAL PRADESH,2007,467150.255859375,1431254.3544921875,0.326392198838145
ARUNACHAL PRADESH,2008,0.0,1431254.3544921875,0.0
ARUNACHAL PRADESH,2009,222446.8203125,1431254.3544921875,0.15542088631159112
ARUNACHAL PRADESH,2010,0.0,1431254.3544921875,0.0
ARUNACHAL PRADESH,2011,163335.6943359375,1431254.3544921875,0.11412066193775137
ARUNACHAL PRADESH,2012,60337.109375,1431254.3544921875,0.04215680405486539
ARUNACHAL PRADESH,2013,0.0,1431254.3544921875,0.0
ARUNACHAL PRADESH,2014,0.0,1431254.3544921875,0.0
ARUNACHAL PRADESH,2015,0.0,1431254.3544921875,0.0
ARUNACHAL PRADESH,2016,0.0,1431254.3544921875,0.0
ARUNACHAL PRADESH,2017,0.0,1431254.3544921875,0.0
ARUNACHAL PRADESH,2018,0.0,1431254.3544921875,0.0
ARUNACHAL PRADESH,2019,61486.97265625,1431254.3544921875,0.04296019953634707
ARUNACHAL PRADESH,2020,0.0,1431254.3544921875,0.0
ARUNACHAL PRADESH,2021,498263.1845703125,1431254.3544921875,0.3481304235033035
ARUNACHAL PRADESH,2022,435404.732421875,1431254.3544921875,0.30421198793582543
ARUNACHAL PRADESH,2023,407795.22265625,1431254.3544921875,0.28492155945330677
ARUNACHAL PRADESH,2024,81275.3984375,1431254.3544921875,0.05678613181675644
ASSAM,1993,1513347.375,33891901.046875,0.044652183213533196
ASSAM,1994,29676463.625,33891901.046875,0.8756210985024199
ASSAM,1995,31291189.875,33891901.046875,0.9232645236312349
ASSAM,1996,12534345.8125,33891901.046875,0.36983307000584226
ASSAM,1997,27456009.359375,33891901.046875,0.8101053204835371
ASSAM,1998,6493003.25,33891901.046875,0.1915797889596012
ASSAM,1999,11161971.015625,33891901.046875,0.3293403636516928
ASSAM,2000,1477054.53125,33891901.046875,0.04358134202053537
ASSAM,2001,7960286.0,33891901.046875,0.23487280896372079
ASSAM,2002,8838006.6875,33891901.046875,0.2607704618066831
ASSAM,2003,9258598.609375,33891901.046875,0.273180267951617
ASSAM,2004,22266395.640625,33891901.046875,0.6569827880067551
ASSAM,2005,5248756.25,33891901.046875,0.15486756681900443
ASSAM,2006,19266033.875,33891901.046875,0.5684553914032043
ASSAM,2007,3098385.0625,33891901.046875,0.09141963025959225
ASSAM,2008,2313455.1875,33891901.046875,0.06825982361686707
ASSAM,2009,14607359.625,33891901.046875,0.43099853279982564
ASSAM,2010,1592217.21875,33891901.046875,0.0469792832378404
ASSAM,2011,4953764.53125,33891901.046875,0.1461636667827685
ASSAM,2012,11405705.4375,33891901.046875,0.33653188771338227
ASSAM,2013,1903619.625,33891901.046875,0.056167390031239425
ASSAM,2014,15273144.8125,33891901.046875,0.4506429070289127
ASSAM,2015,8671403.4375,33891901.046875,0.25585473725734087
ASSAM,2016,5886937.5,33891901.046875,0.17369747102288335
ASSAM,2017,12439326.59375,33891901.046875,0.3670294733997215
ASSAM,2018,0.0,33891901.046875,0.0
ASSAM,2019,1296951.875,33891901.046875,0.03826730973887301
ASSAM,2020,0.0,33891901.046875,0.0
ASSAM,2021,0.0,33891901.046875,0.0
ASSAM,2022,1855178.6875,33891901.046875,0.05473811235711302
ASSAM,2023,24424378.8125,33891901.046875,0.720655320535702
ASSAM,2024,12313128.6875,33891901.046875,0.363305931717139
BIHAR,1993,0.0,128035146.4375,0.0
BIHAR,1994,25510297.75,128035146.4375,0.199244492311748
BIHAR,1995,116415002.0,128035146.4375,0.9092425419049109
BIHAR,1996,55252041.75,128035146.4375,0.4315380837789812
BIHAR,1997,35419342.375,128035146.4375,0.2766376527111628
BIHAR,1998,20292766.5,128035146.4375,0.1584937188313824
BIHAR,1999,120059135.3125,128035146.4375,0.9377045182754294
BIHAR,2000,159054671.625,128035146.4375,1.2422735166913101
BIHAR,2001,29310515.25,128035146.4375,0.22892554166217044
BIHAR,2002,31525545.875,128035146.4375,0.24622571811084004
BIHAR,2003,86717353.625,128035146.4375,0.6772933529414193
BIHAR,2004,35483602.6875,128035146.4375,0.2771395485912239
BIHAR,2005,17130733.25,128035146.4375,0.1337971152972619
BIHAR,2006,70441854.6875,128035146.4375,0.5501759215926386
BIHAR,2007,73759021.75,128035146.4375,0.5760841753401302
BIHAR,2008,2058824.875,128035146.4375,0.016080154022434845
BIHAR,2009,84830277.5,128035146.4375,0.662554617699521
BIHAR,2010,39329332.0,128035146.4375,0.3071760613731051
BIHAR,2011,38877273.5625,128035146.4375,0.3036453243053682
BIHAR,2012,32153501.3125,128035146.4375,0.2511302732659867
BIHAR,2013,12906175.1875,128035146.4375,0.10080181533435519
BIHAR,2014,19494425.25,128035146.4375,0.15225838992199028
BIHAR,2015,15973500.5,128035146.4375,0.12475871621545276
BIHAR,2016,15278053.75,128035146.4375,0.11932702992188117
BIHAR,2017,19992037.5,128035146.4375,0.15614491845611359
BIHAR,2018,3740746.0,128035146.4375,0.029216555798028745
BIHAR,2019,84448442.25,128035146.4375,0.6595723486849235
BIHAR,2020,30937853.25,128035146.4375,0.24163562983154963
BIHAR,2021,7197578.25,128035146.4375,0.05621564429977419
BIHAR,2022,3503642.25,128035146.4375,0.027364691238981737
BIHAR,2023,9549661.0,128035146.4375,0.07458624655583646
BIHAR,2024,50696003.6875,128035146.4375,0.39595380720126805
CHANDIGARH,1993,0.0,898124.25,0.0
CHANDIGARH,1994,0.0,898124.25,0.0
CHANDIGARH,1995,898124.25,898124.25,1.0
CHANDIGARH,1996,0.0,898124.25,0.0
CHANDIGARH,1997,0.0,898124.25,0.0
CHANDIGARH,1998,898124.25,898124.25,1.0
CHANDIGARH,1999,0.0,898124.25,0.0
CHANDIGARH,2000,0.0,898124.25,0.0
CHANDIGARH,2001,0.0,898124.25,0.0
CHANDIGARH,2002,0.0,898124.25,0.0
CHANDIGARH,2003,0.0,898124.25,0.0
CHANDIGARH,2004,0.0,898124.25,0.0
CHANDIGARH,2005,0.0,898124.25,0.0
CHANDIGARH,2006,0.0,898124.25,0.0
CHANDIGARH,2007,0.0,898124.25,0.0
CHANDIGARH,2008,0.0,898124.25,0.0
CHANDIGARH,2009,0.0,898124.25,0.0
CHANDIGARH,2010,898124.25,898124.25,1.0
CHANDIGARH,2011,0.0,898124.25,0.0
CHANDIGARH,2012,0.0,898124.25,0.0
CHANDIGARH,2013,0.0,898124.25,0.0
CHANDIGARH,2014,0.0,898124.25,0.0
CHANDIGARH,2015,0.0,898124.25,0.0
CHANDIGARH,2016,0.0,898124.25,0.0
CHANDIGARH,2017,0.0,898124.25,0.0
CHANDIGARH,2018,898124.25,898124.25,1.0
CHANDIGARH,2019,0.0,898124.25,0.0
CHANDIGARH,2020,0.0,898124.25,0.0
CHANDIGARH,2021,0.0,898124.25,0.0
CHANDIGARH,2022,0.0,898124.25,0.0
CHANDIGARH,2023,0.0,898124.25,0.0
CHANDIGARH,2024,0.0,898124.25,0.0
CHHATTISGARH,1993,3255431.25,30743352.59375,0.10589057390773367
CHHATTISGARH,1994,31633706.34375,30743352.59375,1.0289608541321225
CHHATTISGARH,1995,17916533.96875,30743352.59375,0.5827774935773387
CHHATTISGARH,1996,3637972.59375,30743352.59375,0.1183336326985231
CHHATTISGARH,1997,10092917.40625,30743352.59375,0.32829592593951024
CHHATTISGARH,1998,18607643.09375,30743352.59375,0.6052574466954154
CHHATTISGARH,1999,6451842.65625,30743352.59375,0.20986138829769768
CHHATTISGARH,2000,10880005.5,30743352.59375,0.35389782122239527
CHHATTISGARH,2001,26331392.875,30743352.59375,0.8564906119039557
CHHATTISGARH,2002,283339.96875,30743352.59375,0.009216300268032638
CHHATTISGARH,2003,32078660.4375,30743352.59375,1.0434340347129696
CHHATTISGARH,2004,13074160.0,30743352.59375,0.4252678675863713
CHHATTISGARH,2005,21361288.125,30743352.59375,0.6948262412129594
CHHATTISGARH,2006,20740743.09375,30743352.59375,0.6746415515517494
CHHATTISGARH,2007,1874716.5,30743352.59375,0.060979572552575884
CHHATTISGARH,2008,909159.25,30743352.59375,0.02957254734100888
CHHATTISGARH,2009,10193528.625,30743352.59375,0.3315685429529993
CHHATTISGARH,2010,20329498.46875,30743352.59375,0.6612648508895189
CHHATTISGARH,2011,931792.0,30743352.59375,0.03030873087632705
CHHATTISGARH,2012,10936323.03125,30743352.59375,0.3557296816572084
CHHATTISGARH,2013,998899.15625,30743352.59375,0.0324915492935885
CHHATTISGARH,2014,16148789.28125,30743352.59375,0.5252774313408156
CHHATTISGARH,2015,0.0,30743352.59375,0.0
CHHATTISGARH,2016,4017493.5,30743352.59375,0.13067844464096412
CHHATTISGARH,2017,277325.875,30743352.59375,0.00902067769461094
CHHATTISGARH,2018,8690663.9375,30743352.59375,0.28268432699388735
CHHATTISGARH,2019,9602340.25,30743352.59375,0.3123387477249998
CHHATTISGARH,2020,4764462.65625,30743352.59375,0.15497537692810368
CHHATTISGARH,2021,1918868.875,30743352.59375,0.06241573260913965
CHHATTISGARH,2022,2861641.1875,30743352.59375,0.09308162402827075
CHHATTISGARH,2023,2927223.90625,30743352.59375,0.09521485652300306
CHHATTISGARH,2024,25863487.0,30743352.59375,0.8412708705444814
DADRA & NAGAR HAVELI & DAMAN & DIU,1993,1231251.125,685587.8671875,1.7959056510888745
DADRA & NAGAR HAVELI & DAMAN & DIU,1994,0.0,685587.8671875,0.0
DADRA & NAGAR HAVELI & DAMAN & DIU,1995,0.0,685587.8671875,0.0
DADRA & NAGAR HAVELI & DAMAN & DIU,1996,0.0,685587.8671875,0.0
DADRA & NAGAR HAVELI & DAMAN & DIU,1997,0.0,685587.8671875,0.0
DADRA & NAGAR HAVELI & DAMAN & DIU,1998,0.0,685587.8671875,0.0
DADRA & NAGAR HAVELI & DAMAN & DIU,1999,0.0,685587.8671875,0.0
DADRA & NAGAR HAVELI & DAMAN & DIU,2000,0.0,685587.8671875,0.0
DADRA & NAGAR HAVELI & DAMAN & DIU,2001,0.0,685587.8671875,0.0
DADRA & NAGAR HAVELI & DAMAN & DIU,2002,69962.3046875,685587.8671875,0.10204717445556276
DADRA & NAGAR HAVELI & DAMAN & DIU,2003,69962.3046875,685587.8671875,0.10204717445556276
DADRA & NAGAR HAVELI & DAMAN & DIU,2004,0.0,685587.8671875,0.0
DADRA & NAGAR HAVELI & DAMAN & DIU,2005,0.0,685587.8671875,0.0
DADRA & NAGAR HAVELI & DAMAN & DIU,2006,615625.5625,685587.8671875,0.8979528255444372
DADRA & NAGAR HAVELI & DAMAN & DIU,2007,69962.3046875,685587.8671875,0.10204717445556276
DADRA & NAGAR HAVELI & DAMAN & DIU,2008,0.0,685587.8671875,0.0
DADRA & NAGAR HAVELI & DAMAN & DIU,2009,0.0,685587.8671875,0.0
DADRA & NAGAR HAVELI & DAMAN & DIU,2010,0.0,685587.8671875,0.0
DADRA & NAGAR HAVELI & DAMAN & DIU,2011,0.0,685587.8671875,0.0
DADRA & NAGAR HAVELI & DAMAN & DIU,2012,0.0,685587.8671875,0.0
DADRA & NAGAR HAVELI & DAMAN & DIU,2013,0.0,685587.8671875,0.0
DADRA & NAGAR HAVELI & DAMAN & DIU,2014,69962.3046875,685587.8671875,0.10204717445556276
DADRA & NAGAR HAVELI & DAMAN & DIU,2015,0.0,685587.8671875,0.0
DADRA & NAGAR HAVELI & DAMAN & DIU,2016,0.0,685587.8671875,0.0
DADRA & NAGAR HAVELI & DAMAN & DIU,2017,615625.5625,685587.8671875,0.8979528255444372
DADRA & NAGAR HAVELI & DAMAN & DIU,2018,0.0,685587.8671875,0.0
DADRA & NAGAR HAVELI & DAMAN & DIU,2019,0.0,685587.8671875,0.0
DADRA & NAGAR HAVELI & DAMAN & DIU,2020,615625.5625,685587.8671875,0.8979528255444372
DADRA & NAGAR HAVELI & DAMAN & DIU,2021,69962.3046875,685587.8671875,0.10204717445556276
DADRA & NAGAR HAVELI & DAMAN & DIU,2022,0.0,685587.8671875,0.0
DADRA & NAGAR HAVELI & DAMAN & DIU,2023,0.0,685587.8671875,0.0
DADRA & NAGAR HAVELI & DAMAN & DIU,2024,0.0,685587.8671875,0.0
DELHI,1993,0.0,13352191.625,0.0
DELHI,1994,0.0,13352191.625,0.0
DELHI,1995,0.0,13352191.625,0.0
DELHI,1996,0.0,13352191.625,0.0
DELHI,1997,2182955.25,13352191.625,0.1634904075157774
DELHI,1998,6287945.25,13352191.625,0.47092982385204496
DELHI,1999,13352191.625,13352191.625,1.0
DELHI,2000,0.0,13352191.625,0.0
DELHI,2001,0.0,13352191.625,0.0
DELHI,2002,0.0,13352191.625,0.0
DELHI,2003,0.0,13352191.625,0.0
DELHI,2004,0.0,13352191.625,0.0
DELHI,2005,0.0,13352191.625,0.0
DELHI,2006,0.0,13352191.625,0.0
DELHI,2007,0.0,13352191.625,0.0
DELHI,2008,0.0,13352191.625,0.0
DELHI,2009,0.0,13352191.625,0.0
DELHI,2010,0.0,13352191.625,0.0
DELHI,2011,0.0,13352191.625,0.0
DELHI,2012,0.0,13352191.625,0.0
DELHI,2013,0.0,13352191.625,0.0
DELHI,2014,0.0,13352191.625,0.0
DELHI,2015,0.0,13352191.625,0.0
DELHI,2016,0.0,13352191.625,0.0
DELHI,2017,4836718.75,13352191.625,0.3622415619727896
DELHI,2018,0.0,13352191.625,0.0
DELHI,2019,0.0,13352191.625,0.0
DELHI,2020,0.0,13352191.625,0.0
DELHI,2021,0.0,13352191.625,0.0
DELHI,2022,1753414.125,13352191.625,0.13132032360268048
DELHI,2023,0.0,13352191.625,0.0
DELHI,2024,13352191.625,13352191.625,1.0
GOA,1993,708093.4375,1585803.21875,0.44652036843395393
GOA,1994,0.0,1585803.21875,0.0
GOA,1995,0.0,1585803.21875,0.0
GOA,1996,0.0,1585803.21875,0.0
GOA,1997,0.0,1585803.21875,0.0
GOA,1998,0.0,1585803.21875,0.0
GOA,1999,0.0,1585803.21875,0.0
GOA,2000,0.0,1585803.21875,0.0
GOA,2001,0.0,1585803.21875,0.0
GOA,2002,0.0,1585803.21875,0.0
GOA,2003,0.0,1585803.21875,0.0
GOA,2004,0.0,1585803.21875,0.0
GOA,2005,1097655.875,1585803.21875,0.692176596706129
GOA,2006,0.0,1585803.21875,0.0
GOA,2007,0.0,1585803.21875,0.0
GOA,2008,1585803.21875,1585803.21875,1.0
GOA,2009,0.0,1585803.21875,0.0
GOA,2010,0.0,1585803.21875,0.0
GOA,2011,0.0,1585803.21875,0.0
GOA,2012,0.0,1585803.21875,0.0
GOA,2013,0.0,1585803.21875,0.0
GOA,2014,0.0,1585803.21875,0.0
GOA,2015,0.0,1585803.21875,0.0
GOA,2016,0.0,1585803.21875,0.0
GOA,2017,2463513.0,1585803.21875,1.5534796315660462
GOA,2018,0.0,1585803.21875,0.0
GOA,2019,0.0,1585803.21875,0.0
GOA,2020,1365857.125,1585803.21875,0.8613030348599171
GOA,2021,0.0,1585803.21875,0.0
GOA,2022,0.0,1585803.21875,0.0
GOA,2023,219946.09375,1585803.21875,0.1386969651400829
GOA,2024,0.0,1585803.21875,0.0
GUJARAT,1993,2079413.0,70774944.71875,0.029380637572566173
GUJARAT,1994,35567555.8125,70774944.71875,0.5025444520492475
GUJARAT,1995,9519420.75,70774944.71875,0.1345026942490578
GUJARAT,1996,23597134.1875,70774944.71875,0.3334108459041798
GUJARAT,1997,13785258.75,70774944.71875,0.19477597340104952
GUJARAT,1998,4508509.5,70774944.71875,0.06370205611486103
GUJARAT,1999,0.0,70774944.71875,0.0
GUJARAT,2000,18127496.5625,70774944.71875,0.25612872796349334
GUJARAT,2001,26491232.0625,70774944.71875,0.3743024055726578
GUJARAT,2002,5736051.25,70774944.71875,0.08104635436727343
GUJARAT,2003,10804772.875,70774944.71875,0.1526638122846538
GUJARAT,2004,54626196.125,70774944.71875,0.7718295837895327
GUJARAT,2005,25385222.5,70774944.71875,0.3586752713248653
GUJARAT,2006,61622713.75,70774944.71875,0.8706854381148622
GUJARAT,2007,88683149.0,70774944.71875,1.25303028285525
GUJARAT,2008,56042255.25,70774944.71875,0.7918374994527272
GUJARAT,2009,29690956.1875,70774944.71875,0.41951224837388174
GUJARAT,2010,25603237.875,70774944.71875,0.3617556746493238
GUJARAT,2011,31489429.90625,70774944.71875,0.44492341225252396
GUJARAT,2012,19882048.9375,70774944.71875,0.28091931426451205
GUJARAT,2013,48528766.46875,70774944.71875,0.6856772076841136
GUJARAT,2014,18106349.75,70774944.71875,0.25582993843304536
GUJARAT,2015,32836077.21875,70774944.71875,0.463950588011564
GUJARAT,2016,0.0,70774944.71875,0.0
GUJARAT,2017,73910035.375,70774944.71875,1.0442966175206272
GUJARAT,2018,0.0,70774944.71875,0.0
GUJARAT,2019,37555499.5,70774944.71875,0.5306326928158043
GUJARAT,2020,49511328.3125,70774944.71875,0.6995601128231366
GUJARAT,2021,6724372.625,70774944.71875,0.0950106376164862
GUJARAT,2022,14912735.0,70774944.71875,0.2107064167872003
GUJARAT,2023,19553008.25,70774944.71875,0.27627020166106797
GUJARAT,2024,39424792.625,70774944.71875,0.5570444849044921
HARYANA,1993,0.0,30018238.0625,0.0
HARYANA,1994,7871690.25,30018238.0625,0.26223025594009247
HARYANA,1995,30477316.3125,30018238.0625,1.0152933109879456
HARYANA,1996,0.0,30018238.0625,0.0
HARYANA,1997,19558817.5625,30018238.0625,0.6515644762952849
HARYANA,1998,12757521.9375,30018238.0625,0.42499236334051244
HARYANA,1999,18216574.4375,30018238.0625,0.6068502221739951
HARYANA,2000,0.0,30018238.0625,0.0
HARYANA,2001,7742681.0,30018238.0625,0.25793256032813167
HARYANA,2002,7274555.0,30018238.0625,0.24233784091037872
HARYANA,2003,10907833.0,30018238.0625,0.36337352569758274
HARYANA,2004,0.0,30018238.0625,0.0
HARYANA,2005,21471912.25,30018238.0625,0.7152955548321667
HARYANA,2006,9227926.0625,30018238.0625,0.30741064959531716
HARYANA,2007,5764802.0,30018238.0625,0.1920433167328906
HARYANA,2008,994049.125,30018238.0625,0.03311483914979695
HARYANA,2009,7216225.5,30018238.0625,0.24039470554452033
HARYANA,2010,8871848.375,30018238.0625,0.2955486047025216
HARYANA,2011,1964778.75,30018238.0625,0.06545283390414847
HARYANA,2012,13728908.5,30018238.0625,0.45735224270709973
HARYANA,2013,3256345.25,30018238.0625,0.10847889350534395
HARYANA,2014,0.0,30018238.0625,0.0
HARYANA,2015,0.0,30018238.0625,0.0
HARYANA,2016,5715108.0625,30018238.0625,0.19038785856121065
HARYANA,2017,2351114.375,30018238.0625,0.07832286392375265
HARYANA,2018,4029634.0,30018238.0625,0.134239524372151
HARYANA,2019,0.0,30018238.0625,0.0
HARYANA,2020,7912460.625,30018238.0625,0.26358844275022814
HARYANA,2021,13874835.6875,30018238.0625,0.46221352694357526
HARYANA,2022,14795627.25,30018238.0625,0.4928879309703156
HARYANA,2023,5557974.0,30018238.0625,0.18515323878862985
HARYANA,2024,16053149.9375,30018238.0625,0.5347798862836739
HIMACHAL PRADESH,1993,1464947.4375,7700949.8984375,0.19022944660336427
HIMACHAL PRADESH,1994,8582805.6875,7700949.8984375,1.114512599184865
HIMACHAL PRADESH,1995,8743090.0859375,7700949.8984375,1.13532618719042
HIMACHAL PRADESH,1996,2156682.71875,7700949.8984375,0.2800541163353867
HIMACHAL PRADESH,1997,4543229.125,7700949.8984375,0.5899569773751947
HIMACHAL PRADESH,1998,1755791.609375,7700949.8984375,0.227996757871551
HIMACHAL PRADESH,1999,2857653.9609375,7700949.8984375,0.37107811356068027
HIMACHAL PRADESH,2000,0.0,7700949.8984375,0.0
HIMACHAL PRADESH,2001,1151279.375,7700949.8984375,0.14949835931715272
HIMACHAL PRADESH,2002,1993488.03125,7700949.8984375,0.25886261533197
HIMACHAL PRADESH,2003,0.0,7700949.8984375,0.0
HIMACHAL PRADESH,2004,0.0,7700949.8984375,0.0
HIMACHAL PRADESH,2005,977896.875,7700949.8984375,0.12698392898237298
HIMACHAL PRADESH,2006,2036289.625,7700949.8984375,0.264420578221546
HIMACHAL PRADESH,2007,6244707.90625,7700949.8984375,0.8109009912552518
HIMACHAL PRADESH,2008,0.0,7700949.8984375,0.0
HIMACHAL PRADESH,2009,4524798.1796875,7700949.8984375,0.5875636433637321
HIMACHAL PRADESH,2010,6587886.4296875,7700949.8984375,0.8554641332005241
HIMACHAL PRADESH,2011,990129.3984375,7700949.8984375,0.1285723724340025
HIMACHAL PRADESH,2012,6582411.390625,7700949.8984375,0.8547531768724469
HIMACHAL PRADESH,2013,562650.1875,7700949.8984375,0.07306243968866231
HIMACHAL PRADESH,2014,0.0,7700949.8984375,0.0
HIMACHAL PRADESH,2015,1722621.5625,7700949.8984375,0.22368949093533447
HIMACHAL PRADESH,2016,2727365.46875,7700949.8984375,0.3541596172834957
HIMACHAL PRADESH,2017,2660634.21875,7700949.8984375,0.34549429016410493
HIMACHAL PRADESH,2018,11281743.5625,7700949.8984375,1.4649807765648537
HIMACHAL PRADESH,2019,1580127.3125,7700949.8984375,0.20518602683294995
HIMACHAL PRADESH,2020,2196487.75,7700949.8984375,0.2852229632666044
HIMACHAL PRADESH,2021,0.0,7700949.8984375,0.0
HIMACHAL PRADESH,2022,3358451.0,7700949.8984375,0.43610866766987016
HIMACHAL PRADESH,2023,6537287.1875,7700949.8984375,0.8488936136081597
HIMACHAL PRADESH,2024,1177258.375,7700949.8984375,0.15287183925698078
JAMMU AND KASHMIR,1993,0.0,6202977.96875,0.0
JAMMU AND KASHMIR,1994,3125706.0,6202977.96875,0.5039040950567619
JAMMU AND KASHMIR,1995,6818690.0625,6202977.96875,1.099260725550195
JAMMU AND KASHMIR,1996,0.0,6202977.96875,0.0
JAMMU AND KASHMIR,1997,2066715.90625,6202977.96875,0.33318124240677843
JAMMU AND KASHMIR,1998,1010556.0625,6202977.96875,0.16291466253645961
JAMMU AND KASHMIR,1999,3875817.6875,6202977.96875,0.6248317674230012
JAMMU AND KASHMIR,2000,978094.90625,6202977.96875,0.15768150575055193
JAMMU AND KASHMIR,2001,3205537.9375,6202977.96875,0.5167740323517492
JAMMU AND KASHMIR,2002,5066816.71875,6202977.96875,0.8168361622878769
JAMMU AND KASHMIR,2003,0.0,6202977.96875,0.0
JAMMU AND KASHMIR,2004,0.0,6202977.96875,0.0
JAMMU AND KASHMIR,2005,424914.46875,6202977.96875,0.0685016891710204
JAMMU AND KASHMIR,2006,3875817.6875,6202977.96875,0.6248317674230012
JAMMU AND KASHMIR,2007,0.0,6202977.96875,0.0
JAMMU AND KASHMIR,2008,0.0,6202977.96875,0.0
JAMMU AND KASHMIR,2009,1201353.6875,6202977.96875,0.19367369891563424
JAMMU AND KASHMIR,2010,1513535.46875,6202977.96875,0.24400142582724693
JAMMU AND KASHMIR,2011,1010556.0625,6202977.96875,0.16291466253645961
JAMMU AND KASHMIR,2012,1010556.0625,6202977.96875,0.16291466253645961
JAMMU AND KASHMIR,2013,3875817.6875,6202977.96875,0.6248317674230012
JAMMU AND KASHMIR,2014,3109733.125,6202977.96875,0.5013290617291458
JAMMU AND KASHMIR,2015,2990866.8125,6202977.96875,0.482166280062205
JAMMU AND KASHMIR,2016,0.0,6202977.96875,0.0
JAMMU AND KASHMIR,2017,1807253.0,6202977.96875,0.29135247764940725
JAMMU AND KASHMIR,2018,1201353.6875,6202977.96875,0.19367369891563424
JAMMU AND KASHMIR,2019,1010556.0625,6202977.96875,0.16291466253645961
JAMMU AND KASHMIR,2020,0.0,6202977.96875,0.0
JAMMU AND KASHMIR,2021,3094199.84375,6202977.96875,0.49882489658004237
JAMMU AND KASHMIR,2022,1711448.1875,6202977.96875,0.27590750702680383
JAMMU AND KASHMIR,2023,2912801.875,6202977.96875,0.4695812059424381
JAMMU AND KASHMIR,2024,1010556.0625,6202977.96875,0.16291466253645961
JHARKHAND,1993,19613477.75,40038789.75,0.48986190323097867
JHARKHAND,1994,15660705.875,40038789.75,0.3911383429115761
JHARKHAND,1995,42185954.875,40038789.75,1.0536271235571
JHARKHAND,1996,16253623.0,40038789.75,0.40594691052069076
JHARKHAND,1997,20928291.75,40038789.75,0.5227004082959326
JHARKHAND,1998,11806336.25,40038789.75,0.2948724555292034
JHARKHAND,1999,1947393.125,40038789.75,0.048637662056206385
JHARKHAND,2000,12301744.625,40038789.75,0.30724566606062315
JHARKHAND,2001,7344463.5,40038789.75,0.1834337038121888
JHARKHAND,2002,34506079.875,40038789.75,0.8618162559471468
JHARKHAND,2003,20148050.5,40038789.75,0.5032132745720667
JHARKHAND,2004,1879729.125,40038789.75,0.04694770088548943
JHARKHAND,2005,4917280.375,40038789.75,0.12281291232085755
JHARKHAND,2006,9299630.375,40038789.75,0.23226552133734263
JHARKHAND,2007,23424274.625,40038789.75,0.5850395271999949
JHARKHAND,2008,3507880.0,40038789.75,0.08761203877297515
JHARKHAND,2009,24524026.625,40038789.75,0.6125066910894827
JHARKHAND,2010,18997318.125,40038789.75,0.4744728360576883
JHARKHAND,2011,16653228.125,40038789.75,0.41592736016702403
JHARKHAND,2012,19098580.75,40038789.75,0.4770019490911311
JHARKHAND,2013,6207977.875,40038789.75,0.15504908899000874
JHARKHAND,2014,7014274.875,40038789.75,0.1751869853908359
JHARKHAND,2015,7245804.5,40038789.75,0.18096961834367134
JHARKHAND,2016,10724122.25,40038789.75,0.26784331686748847
JHARKHAND,2017,1070701.5,40038789.75,0.02674160499569046
JHARKHAND,2018,0.0,40038789.75,0.0
JHARKHAND,2019,8546765.25,40038789.75,0.213462127685815
JHARKHAND,2020,11359758.5,40038789.75,0.283718827939848
JHARKHAND,2021,11634975.0,40038789.75,0.29059257466692034
JHARKHAND,2022,3412940.25,40038789.75,0.08524084447382678
JHARKHAND,2023,1743325.375,40038789.75,0.04354091084883503
JHARKHAND,2024,22741830.75,40038789.75,0.5679949591882957
KARNATAKA,1993,11403334.6875,70289332.3125,0.16223421552507866
KARNATAKA,1994,1849596.125,70289332.3125,0.02631403748120502
KARNATAKA,1995,23298207.9375,70289332.3125,0.331461505907017
KARNATAKA,1996,30479828.875,70289332.3125,0.4336337801515804
KARNATAKA,1997,24643354.125,70289332.3125,0.35059877956213725
KARNATAKA,1998,29061560.0625,70289332.3125,0.4134561974965837
KARNATAKA,1999,22093828.5,70289332.3125,0.3143269081255864
KARNATAKA,2000,11551269.875,70289332.3125,0.16433887611343498
KARNATAKA,2001,6427139.125,70289332.3125,0.09143832945269023
KARNATAKA,2002,3141994.0,70289332.3125,0.04470086564531556
KARNATAKA,2003,1868885.625,70289332.3125,0.026588467460340978
KARNATAKA,2004,0.0,70289332.3125,0.0
KARNATAKA,2005,41675960.375,70289332.3125,0.5929201345904448
KARNATAKA,2006,44175545.8125,70289332.3125,0.6284815114774391
KARNATAKA,2007,23683737.25,70289332.3125,0.33694639671215326
KARNATAKA,2008,31272145.625,70289332.3125,0.44490599919155405
KARNATAKA,2009,45138601.5,70289332.3125,0.6421828180031341
KARNATAKA,2010,43412346.125,70289332.3125,0.6176235382631413
KARNATAKA,2011,23078391.1875,70289332.3125,0.32833419280319187
KARNATAKA,2012,42671399.1875,70289332.3125,0.6070821529188359
KARNATAKA,2013,9150395.5,70289332.3125,0.13018185262193374
KARNATAKA,2014,23808036.125,70289332.3125,0.33871478561144425
KARNATAKA,2015,24429248.375,70289332.3125,0.3475527163409346
KARNATAKA,2016,9332320.5625,70289332.3125,0.1327700841005197
KARNATAKA,2017,29268251.25,70289332.3125,0.41639677440491263
KARNATAKA,2018,0.0,70289332.3125,0.0
KARNATAKA,2019,23120650.0,70289332.3125,0.32893540512246844
KARNATAKA,2020,52225681.375,70289332.3125,0.7430100650666214
KARNATAKA,2021,94295422.75,70289332.3125,1.341532486477053
KARNATAKA,2022,11714861.4375,70289332.3125,0.16666627853878008
KARNATAKA,2023,44960003.9375,70289332.3125,0.6396419265673473
KARNATAKA,2024,30542067.8125,70289332.3125,0.4345192479096648
KERALA,1993,0.0,34812874.375,0.0
KERALA,1994,6552909.3125,34812874.375,0.1882323545569052
KERALA,1995,4015455.5,34812874.375,0.11534398041213166
KERALA,1996,3020624.0,34812874.375,0.086767440328604
KERALA,1997,17486654.8125,34812874.375,0.5023042517011352
KERALA,1998,4458062.5,34812874.375,0.12805786882112344
KERALA,1999,5809210.5625,34812874.375,0.16686960404142154
KERALA,2000,3311450.75,34812874.375,0.09512144025596565
KERALA,2001,3337224.375,34812874.375,0.09586178777000226
KERALA,2002,14141992.75,34812874.375,0.4062288163184744
KERALA,2003,11936749.0,34812874.375,0.3428831779708509
KERALA,2004,0.0,34812874.375,0.0
KERALA,2005,7974097.6875,34812874.375,0.22905599812310815
KERALA,2006,19016390.8125,34812874.375,0.5462459263678654
KERALA,2007,6508242.375,34812874.375,0.18694929654167633
KERALA,2008,13954369.5,34812874.375,0.400839337472834
KERALA,2009,13815454.375,34812874.375,0.3968489997746703
KERALA,2010,13086874.25,34812874.375,0.3759205318420364
KERALA,2011,0.0,34812874.375,0.0
KERALA,2012,14369545.5625,34812874.375,0.4127652720574872
KERALA,2013,4622329.625,34812874.375,0.13277644285297543
KERALA,2014,6319836.25,34812874.375,0.18153732960753258
KERALA,2015,6459922.0,34812874.375,0.18556129351499434
KERALA,2016,3020624.0,34812874.375,0.086767440328604
KERALA,2017,11936749.0,34812874.375,0.3428831779708509
KERALA,2018,17781294.4375,34812874.375,0.5107677764829782
KERALA,2019,0.0,34812874.375,0.0
KERALA,2020,0.0,34812874.375,0.0
KERALA,2021,29354589.5625,34812874.375,0.8432107399778591
KERALA,2022,32490436.125,34812874.375,0.9332879490218767
KERALA,2023,50615081.5625,34812874.375,1.4539184847904418
KERALA,2024,5997071.125,34812874.375,0.17226589968987588
LADAKH,1993,619748.09375,311120.59375,1.9919867286187962
LADAKH,1994,1388823.75,311120.59375,4.463940278784583
LADAKH,1995,1856751.1875,311120.59375,5.967946914475185
LADAKH,1996,462941.25,311120.59375,1.4879800929281943
LADAKH,1997,1388823.75,311120.59375,4.463940278784583
LADAKH,1998,1234510.0,311120.59375,3.967946914475185
LADAKH,1999,308627.5,311120.59375,0.9919867286187962
LADAKH,2000,771568.75,311120.59375,2.4799668215469906
LADAKH,2001,1234510.0,311120.59375,3.967946914475185
LADAKH,2002,2165378.6875,311120.59375,6.959933643093981
LADAKH,2003,308627.5,311120.59375,0.9919867286187962
LADAKH,2004,462941.25,311120.59375,1.4879800929281943
LADAKH,2005,1237003.09375,311120.59375,3.9759601858563887
LADAKH,2006,1851765.0,311120.59375,5.951920371712777
LADAKH,2007,462941.25,311120.59375,1.4879800929281943
LADAKH,2008,1080196.25,311120.59375,3.4719535501657868
LADAKH,2009,1085182.4375,311120.59375,3.4879800929281943
LADAKH,2010,1234510.0,311120.59375,3.967946914475185
LADAKH,2011,462941.25,311120.59375,1.4879800929281943
LADAKH,2012,771568.75,311120.59375,2.4799668215469906
LADAKH,2013,1080196.25,311120.59375,3.4719535501657868
LADAKH,2014,1388823.75,311120.59375,4.463940278784583
LADAKH,2015,1854258.09375,311120.59375,5.959933643093981
LADAKH,2016,1699944.34375,311120.59375,5.463940278784583
LADAKH,2017,308627.5,311120.59375,0.9919867286187962
LADAKH,2018,928375.59375,311120.59375,2.9839734572375924
LADAKH,2019,771568.75,311120.59375,2.4799668215469906
LADAKH,2020,1388823.75,311120.59375,4.463940278784583
LADAKH,2021,308627.5,311120.59375,0.9919867286187962
LADAKH,2022,1082689.34375,311120.59375,3.4799668215469906
LADAKH,2023,617255.0,311120.59375,1.9839734572375924
LADAKH,2024,154313.75,311120.59375,0.4959933643093981
MADHYA PRADESH,1993,1508244.65625,85836175.875,0.017571200497636337
MADHYA PRADESH,1994,45031201.8125,85836175.875,0.5246179871535429
MADHYA PRADESH,1995,34404276.8125,85836175.875,0.4008132522422907
MADHYA PRADESH,1996,111316018.40625,85836175.875,1.2968427038077202
MADHYA PRADESH,1997,79008637.1875,85836175.875,0.9204584941267341
MADHYA PRADESH,1998,29895707.375,85836175.875,0.34828796914876536
MADHYA PRADESH,1999,15804131.3125,85836175.875,0.18411970420857243
MADHYA PRADESH,2000,38340104.3125,85836175.875,0.44666603470701277
MADHYA PRADESH,2001,24583749.6875,85836175.875,0.2864031329086747
MADHYA PRADESH,2002,6364680.375,85836175.875,0.07414916042239167
MADHYA PRADESH,2003,15180038.75,85836175.875,0.1768489636829362
MADHYA PRADESH,2004,20093402.4375,85836175.875,0.2340901401148307
MADHYA PRADESH,2005,50497223.5,85836175.875,0.5882976843415906
MADHYA PRADESH,2006,40122770.40625,85836175.875,0.467434272289568
MADHYA PRADESH,2007,51649352.6875,85836175.875,0.6017201041518324
MADHYA PRADESH,2008,23621019.75,85836175.875,0.2751872332290106
MADHYA PRADESH,2009,2658939.0625,85836175.875,0.030976904963381794
MADHYA PRADESH,2010,40925257.53125,85836175.875,0.4767833272401128
MADHYA PRADESH,2011,6871027.5625,85836175.875,0.08004815559940624
MADHYA PRADESH,2012,38907379.625,85836175.875,0.4532748486099772
MADHYA PRADESH,2013,32735197.34375,85836175.875,0.38136831015655964
MADHYA PRADESH,2014,17718988.0,85836175.875,0.206427975377229
MADHYA PRADESH,2015,19728809.9375,85836175.875,0.22984260116888625
MADHYA PRADESH,2016,31323029.25,85836175.875,0.36491641118325857
MADHYA PRADESH,2017,15816554.1875,85836175.875,0.1842644319398974
MADHYA PRADESH,2018,17388110.59375,85836175.875,0.20257322063219188
MADHYA PRADESH,2019,23800323.59375,85836175.875,0.2772761408710649
MADHYA PRADESH,2020,26580359.90625,85836175.875,0.3096638408607343
MADHYA PRADESH,2021,39211065.9375,85836175.875,0.4568128244040322
MADHYA PRADESH,2022,31781152.1875,85836175.875,0.3702535890436417
MADHYA PRADESH,2023,13756742.3125,85836175.875,0.16026741839633474
MADHYA PRADESH,2024,28081616.25,85836175.875,0.32715362682156535
MAHARASHTRA,1993,15558157.5625,46202732.0625,0.3367367440837471
MAHARASHTRA,1994,15550837.5,46202732.0625,0.3365783105415467
MAHARASHTRA,1995,22388025.5,46202732.0625,0.48456064177579283
MAHARASHTRA,1996,0.0,46202732.0625,0.0
MAHARASHTRA,1997,38607009.5,46202732.0625,0.8356001426014157
MAHARASHTRA,1998,10699081.25,46202732.0625,0.23156815132765288
MAHARASHTRA,1999,10514701.25,46202732.0625,0.22757747822740024
MAHARASHTRA,2000,12203119.5,46202732.0625,0.264121166763308
MAHARASHTRA,2001,36224913.25,46202732.0625,0.7840426665894418
MAHARASHTRA,2002,7984959.125,46202732.0625,0.17282439302936622
MAHARASHTRA,2003,2034277.875,46202732.0625,0.04402938493438361
MAHARASHTRA,2004,17106430.5,46202732.0625,0.37024716367117755
MAHARASHTRA,2005,28003498.1875,46202732.0625,0.606100482318204
MAHARASHTRA,2006,65973050.75,46202732.0625,1.4279036716001128
MAHARASHTRA,2007,11795628.375,46202732.0625,0.2553015340963745
MAHARASHTRA,2008,26500899.4375,46202732.0625,0.5735786230487698
MAHARASHTRA,2009,61129386.75,46202732.0625,1.323068658955237
MAHARASHTRA,2010,12396428.875,46202732.0625,0.26830510494987464
MAHARASHTRA,2011,2117931.25,46202732.0625,0.045839956977760596
MAHARASHTRA,2012,21996032.875,46202732.0625,0.4760764546400681
MAHARASHTRA,2013,14588014.125,46202732.0625,0.3157392100810467
MAHARASHTRA,2014,30400937.875,46202732.0625,0.6579900477286845
MAHARASHTRA,2015,15903084.625,46202732.0625,0.3442022563403255
MAHARASHTRA,2016,50113623.25,46202732.0625,1.0846463187979793
MAHARASHTRA,2017,24028632.625,46202732.0625,0.5200695186703603
MAHARASHTRA,2018,7117380.5,46202732.0625,0.15404674533904356
MAHARASHTRA,2019,27491201.75,46202732.0625,0.5950124705355458
MAHARASHTRA,2020,49650827.5625,46202732.0625,1.0746296884637827
MAHARASHTRA,2021,12656587.25,46202732.0625,0.2739359056273773
MAHARASHTRA,2022,2034277.875,46202732.0625,0.04402938493438361
MAHARASHTRA,2023,16470540.875,46202732.0625,0.35648413285863145
MAHARASHTRA,2024,22091041.625,46202732.0625,0.478132799487197
MANIPUR,1993,175166.96875,1923836.7890625,0.09105084680045035
MANIPUR,1994,450416.8828125,1923836.7890625,0.23412426946674178
MANIPUR,1995,0.0,1923836.7890625,0.0
MANIPUR,1996,1016194.3125,1923836.7890625,0.5282123297970609
MANIPUR,1997,1623387.6484375,1923836.7890625,0.8438281551048771
MANIPUR,1998,0.0,1923836.7890625,0.0
MANIPUR,1999,0.0,1923836.7890625,0.0
MANIPUR,2000,0.0,1923836.7890625,0.0
MANIPUR,2001,0.0,1923836.7890625,0.0
MANIPUR,2002,1626406.8671875,1923836.7890625,0.8453975287477792
MANIPUR,2003,0.0,1923836.7890625,0.0
MANIPUR,2004,0.0,1923836.7890625,0.0
MANIPUR,2005,0.0,1923836.7890625,0.0
MANIPUR,2006,0.0,1923836.7890625,0.0
MANIPUR,2007,0.0,1923836.7890625,0.0
MANIPUR,2008,175166.96875,1923836.7890625,0.09105084680045035
MANIPUR,2009,0.0,1923836.7890625,0.0
MANIPUR,2010,301266.53125,1923836.7890625,0.156596720139035
MANIPUR,2011,202871.7578125,1923836.7890625,0.10545164692029874
MANIPUR,2012,1071868.75,1923836.7890625,0.5571516025131891
MANIPUR,2013,0.0,1923836.7890625,0.0
MANIPUR,2014,0.0,1923836.7890625,0.0
MANIPUR,2015,1790416.3515625,1923836.7890625,0.9306487752710993
MANIPUR,2016,0.0,1923836.7890625,0.0
MANIPUR,2017,1829186.2421875,1923836.7890625,0.9508011555797704
MANIPUR,2018,595435.25,1923836.7890625,0.30950403557370376
MANIPUR,2019,0.0,1923836.7890625,0.0
MANIPUR,2020,0.0,1923836.7890625,0.0
MANIPUR,2021,1157665.171875,1923836.7890625,0.6017481204521195
MANIPUR,2022,0.0,1923836.7890625,0.0
MANIPUR,2023,0.0,1923836.7890625,0.0
MANIPUR,2024,0.0,1923836.7890625,0.0
MEGHALAYA,1993,0.0,1260147.375,0.0
MEGHALAYA,1994,1642086.21875,1260147.375,1.303090615690883
MEGHALAYA,1995,0.0,1260147.375,0.0
MEGHALAYA,1996,0.0,1260147.375,0.0
MEGHALAYA,1997,0.0,1260147.375,0.0
MEGHALAYA,1998,0.0,1260147.375,0.0
MEGHALAYA,1999,763877.6875,1260147.375,0.6061812313817659
MEGHALAYA,2000,0.0,1260147.375,0.0
MEGHALAYA,2001,0.0,1260147.375,0.0
MEGHALAYA,2002,0.0,1260147.375,0.0
MEGHALAYA,2003,0.0,1260147.375,0.0
MEGHALAYA,2004,0.0,1260147.375,0.0
MEGHALAYA,2005,0.0,1260147.375,0.0
MEGHALAYA,2006,0.0,1260147.375,0.0
MEGHALAYA,2007,0.0,1260147.375,0.0
MEGHALAYA,2008,0.0,1260147.375,0.0
MEGHALAYA,2009,0.0,1260147.375,0.0
MEGHALAYA,2010,0.0,1260147.375,0.0
MEGHALAYA,2011,523917.203125,1260147.375,0.41575867515099174
MEGHALAYA,2012,0.0,1260147.375,0.0
MEGHALAYA,2013,0.0,1260147.375,0.0
MEGHALAYA,2014,0.0,1260147.375,0.0
MEGHALAYA,2015,0.0,1260147.375,0.0
MEGHALAYA,2016,0.0,1260147.375,0.0
MEGHALAYA,2017,0.0,1260147.375,0.0
MEGHALAYA,2018,0.0,1260147.375,0.0
MEGHALAYA,2019,0.0,1260147.375,0.0
MEGHALAYA,2020,0.0,1260147.375,0.0
MEGHALAYA,2021,0.0,1260147.375,0.0
MEGHALAYA,2022,0.0,1260147.375,0.0
MEGHALAYA,2023,0.0,1260147.375,0.0
MEGHALAYA,2024,354291.328125,1260147.375,0.28115070915812523
MIZORAM,1993,0.0,620007.044921875,0.0
MIZORAM,1994,173824.01953125,620007.044921875,0.28035813617755423
MIZORAM,1995,0.0,620007.044921875,0.0
MIZORAM,1996,0.0,620007.044921875,0.0
MIZORAM,1997,447452.169921875,620007.044921875,0.7216888478714898
MIZORAM,1998,0.0,620007.044921875,0.0
MIZORAM,1999,403737.205078125,620007.044921875,0.6511816412166713
MIZORAM,2000,292678.25,620007.044921875,0.47205632967747874
MIZORAM,2001,0.0,620007.044921875,0.0
MIZORAM,2002,0.0,620007.044921875,0.0
MIZORAM,2003,0.0,620007.044921875,0.0
MIZORAM,2004,0.0,620007.044921875,0.0
MIZORAM,2005,0.0,620007.044921875,0.0
MIZORAM,2006,335075.634765625,620007.044921875,0.540438431321126
MIZORAM,2007,0.0,620007.044921875,0.0
MIZORAM,2008,0.0,620007.044921875,0.0
MIZORAM,2009,68661.5703125,620007.044921875,0.11074320989554533
MIZORAM,2010,0.0,620007.044921875,0.0
MIZORAM,2011,124358.66015625,620007.044921875,0.20057620502025106
MIZORAM,2012,0.0,620007.044921875,0.0
MIZORAM,2013,0.0,620007.044921875,0.0
MIZORAM,2014,0.0,620007.044921875,0.0
MIZORAM,2015,124358.66015625,620007.044921875,0.20057620502025106
MIZORAM,2016,0.0,620007.044921875,0.0
MIZORAM,2017,271966.9296875,620007.044921875,0.43865135390803445
MIZORAM,2018,0.0,620007.044921875,0.0
MIZORAM,2019,0.0,620007.044921875,0.0
MIZORAM,2020,0.0,620007.044921875,0.0
MIZORAM,2021,0.0,620007.044921875,0.0
MIZORAM,2022,0.0,620007.044921875,0.0
MIZORAM,2023,0.0,620007.044921875,0.0
MIZORAM,2024,118126.9296875,620007.044921875,0.19052514105284848
NAGALAND,1993,247258.03125,2051389.46875,0.12053197845490791
NAGALAND,1994,1211624.29296875,2051389.46875,0.5906359135727868
NAGALAND,1995,339270.265625,2051389.46875,0.16538559390759278
NAGALAND,1996,344437.421875,2051389.46875,0.16790445067697485
NAGALAND,1997,1825848.2109375,2051389.46875,0.8900543942297159
NAGALAND,1998,0.0,2051389.46875,0.0
NAGALAND,1999,823014.7421875,2051389.46875,0.40119867764018424
NAGALAND,2000,2892985.47265625,2051389.46875,1.4102565684024257
NAGALAND,2001,1272450.1875,2051389.46875,0.6202869844483304
NAGALAND,2002,452298.484375,2051389.46875,0.2204839652660423
NAGALAND,2003,163889.45703125,2051389.46875,0.0798919266808535
NAGALAND,2004,407801.171875,2051389.46875,0.19879266130945422
NAGALAND,2005,226646.6640625,2051389.46875,0.11048446309934777
NAGALAND,2006,0.0,2051389.46875,0.0
NAGALAND,2007,484748.4609375,2051389.46875,0.23630250048659854
NAGALAND,2008,593146.5859375,2051389.46875,0.28914381933477007
NAGALAND,2009,631501.5,2051389.46875,0.3078408608506707
NAGALAND,2010,478130.171875,2051389.46875,0.23307625351432915
NAGALAND,2011,387614.015625,2051389.46875,0.18895193795705206
NAGALAND,2012,529040.2421875,2051389.46875,0.25789361320542753
NAGALAND,2013,49021.3984375,2051389.46875,0.023896680364343906
NAGALAND,2014,469622.6015625,2051389.46875,0.22892903016054836
NAGALAND,2015,330142.1875,2051389.46875,0.16093588883498064
NAGALAND,2016,101635.69140625,2051389.46875,0.049544805096509055
NAGALAND,2017,111275.1640625,2051389.46875,0.054243801948688344
NAGALAND,2018,226806.05859375,2051389.46875,0.11056216386445267
NAGALAND,2019,339270.265625,2051389.46875,0.16538559390759278
NAGALAND,2020,0.0,2051389.46875,0.0
NAGALAND,2021,0.0,2051389.46875,0.0
NAGALAND,2022,0.0,2051389.46875,0.0
NAGALAND,2023,446520.26171875,2051389.46875,0.21766722922236412
NAGALAND,2024,1728472.94140625,2051389.46875,0.8425864360410718
ODISHA,1993,25422230.5,39807633.59375,0.6386270221295299
ODISHA,1994,54793789.15625,39807633.59375,1.3764643664940912
ODISHA,1995,5215258.625,39807633.59375,0.13101152101185995
ODISHA,1996,9103243.25,39807633.59375,0.22868084405372077
ODISHA,1997,16186588.34375,39807633.59375,0.4066202103078887
ODISHA,1998,11071353.25,39807633.59375,0.2781213614199428
ODISHA,1999,21671622.1875,39807633.59375,0.5444087033322813
ODISHA,2000,28053235.4375,39807633.59375,0.7047199972696819
ODISHA,2001,15211603.34375,39807633.59375,0.3821277973714644
ODISHA,2002,0.0,39807633.59375,0.0
ODISHA,2003,11997403.375,39807633.59375,0.3013844906591899
ODISHA,2004,1560603.75,39807633.59375,0.03920363028675542
ODISHA,2005,15344047.5,39807633.59375,0.3854549018560373
ODISHA,2006,33855143.34375,39807633.59375,0.8504686234116019
ODISHA,2007,19559822.4375,39807633.59375,0.4913585830575719
ODISHA,2008,10124128.3125,39807633.59375,0.25432630373912857
ODISHA,2009,18262690.34375,39807633.59375,0.4587735741874728
ODISHA,2010,16093442.96875,39807633.59375,0.4042803230402712
ODISHA,2011,10159665.96875,39807633.59375,0.25521903844957816
ODISHA,2012,6623044.25,39807633.59375,0.16637623621615757
ODISHA,2013,17174840.5625,39807633.59375,0.4314459065257408
ODISHA,2014,22049039.84375,39807633.59375,0.553889740565031
ODISHA,2015,16408101.5,39807633.59375,0.41218480021822135
ODISHA,2016,2894140.25,39807633.59375,0.07270314732937039
ODISHA,2017,9639183.0625,39807633.59375,0.24214408625418518
ODISHA,2018,47382723.6875,39807633.59375,1.1902923989668988
ODISHA,2019,19483527.4375,39807633.59375,0.4894419908587335
ODISHA,2020,21935868.1875,39807633.59375,0.5510467768911549
ODISHA,2021,10000652.3125,39807633.59375,0.25122448660374913
ODISHA,2022,18340119.9375,39807633.59375,0.46071866830033054
ODISHA,2023,7756390.5,39807633.59375,0.1948468120249628
ODISHA,2024,12270909.75,39807633.59375,0.30825519233895365
PUDUCHERRY,1993,0.0,1243694.625,0.0
PUDUCHERRY,1994,0.0,1243694.625,0.0
PUDUCHERRY,1995,0.0,1243694.625,0.0
PUDUCHERRY,1996,1243694.625,1243694.625,1.0
PUDUCHERRY,1997,0.0,1243694.625,0.0
PUDUCHERRY,1998,0.0,1243694.625,0.0
PUDUCHERRY,1999,0.0,1243694.625,0.0
PUDUCHERRY,2000,0.0,1243694.625,0.0
PUDUCHERRY,2001,0.0,1243694.625,0.0
PUDUCHERRY,2002,0.0,1243694.625,0.0
PUDUCHERRY,2003,0.0,1243694.625,0.0
PUDUCHERRY,2004,0.0,1243694.625,0.0
PUDUCHERRY,2005,0.0,1243694.625,0.0
PUDUCHERRY,2006,0.0,1243694.625,0.0
PUDUCHERRY,2007,0.0,1243694.625,0.0
PUDUCHERRY,2008,1243694.625,1243694.625,1.0
PUDUCHERRY,2009,0.0,1243694.625,0.0
PUDUCHERRY,2010,0.0,1243694.625,0.0
PUDUCHERRY,2011,0.0,1243694.625,0.0
PUDUCHERRY,2012,1243694.625,1243694.625,1.0
PUDUCHERRY,2013,0.0,1243694.625,0.0
PUDUCHERRY,2014,0.0,1243694.625,0.0
PUDUCHERRY,2015,0.0,1243694.625,0.0
PUDUCHERRY,2016,0.0,1243694.625,0.0
PUDUCHERRY,2017,0.0,1243694.625,0.0
PUDUCHERRY,2018,0.0,1243694.625,0.0
PUDUCHERRY,2019,0.0,1243694.625,0.0
PUDUCHERRY,2020,1243694.625,1243694.625,1.0
PUDUCHERRY,2021,1243694.625,1243694.625,1.0
PUDUCHERRY,2022,0.0,1243694.625,0.0
PUDUCHERRY,2023,0.0,1243694.625,0.0
PUDUCHERRY,2024,2487389.25,1243694.625,2.0
PUNJAB,1993,0.0,31400600.59375,0.0
PUNJAB,1994,2514719.0,31400600.59375,0.08008506055455931
PUNJAB,1995,45063083.84375,31400600.59375,1.4351026092386077
PUNJAB,1996,2854249.5625,31400600.59375,0.09089792897362964
PUNJAB,1997,26400493.78125,31400600.59375,0.8407639752758351
PUNJAB,1998,27431353.34375,31400600.59375,0.873593269716311
PUNJAB,1999,8848495.9375,31400600.59375,0.2817938437540972
PUNJAB,2000,0.0,31400600.59375,0.0
PUNJAB,2001,2749499.25,31400600.59375,0.08756199556728422
PUNJAB,2002,6242191.5,31400600.59375,0.19879210530904465
PUNJAB,2003,0.0,31400600.59375,0.0
PUNJAB,2004,0.0,31400600.59375,0.0
PUNJAB,2005,9902367.625,31400600.59375,0.3153559944000235
PUNJAB,2006,18415118.65625,31400600.59375,0.586457529730032
PUNJAB,2007,2749499.25,31400600.59375,0.08756199556728422
PUNJAB,2008,8104038.75,31400600.59375,0.2580854696012736
PUNJAB,2009,13776226.40625,31400600.59375,0.43872493346487235
PUNJAB,2010,5457363.3125,31400600.59375,0.17379805511064772
PUNJAB,2011,0.0,31400600.59375,0.0
PUNJAB,2012,4489281.875,31400600.59375,0.1429680257737984
PUNJAB,2013,737271.5625,31400600.59375,0.023479536969326222
PUNJAB,2014,6169121.125,31400600.59375,0.19646506781236237
PUNJAB,2015,0.0,31400600.59375,0.0
PUNJAB,2016,0.0,31400600.59375,0.0
PUNJAB,2017,4475542.6875,31400600.59375,0.14253048040077346
PUNJAB,2018,28921179.0625,31400600.59375,0.9210390411531331
PUNJAB,2019,1353224.25,31400600.59375,0.04309548939867561
PUNJAB,2020,1702911.125,31400600.59375,0.05423180107386063
PUNJAB,2021,13752949.28125,31400600.59375,0.4379836379303967
PUNJAB,2022,11356674.8125,31400600.59375,0.3616706240568036
PUNJAB,2023,2279755.5,31400600.59375,0.07260228966619715
PUNJAB,2024,12157719.0,31400600.59375,0.3871810974984944
RAJASTHAN,1993,0.0,85798478.3125,0.0
RAJASTHAN,1994,63616644.125,85798478.3125,0.7414658788386889
RAJASTHAN,1995,145973895.9375,85798478.3125,1.701357632542453
RAJASTHAN,1996,35138397.8125,85798478.3125,0.4095456994530482
RAJASTHAN,1997,32570791.25,85798478.3125,0.37961968429520215
RAJASTHAN,1998,38368682.625,85798478.3125,0.44719537431947737
RAJASTHAN,1999,48046164.375,85798478.3125,0.5599885373258437
RAJASTHAN,2000,21488102.875,85798478.3125,0.2504485312284308
RAJASTHAN,2001,43475267.25,85798478.3125,0.5067137332162461
RAJASTHAN,2002,7274237.75,85798478.3125,0.08478282940526481
RAJASTHAN,2003,37022736.125,85798478.3125,0.43150807395620383
RAJASTHAN,2004,14421514.375,85798478.3125,0.16808589917496156
RAJASTHAN,2005,28973720.625,85798478.3125,0.3376950406914013
RAJASTHAN,2006,26372236.25,85798478.3125,0.3073741722311854
RAJASTHAN,2007,32762231.4375,85798478.3125,0.38185096148409037
RAJASTHAN,2008,37752948.625,85798478.3125,0.44001886009556146
RAJASTHAN,2009,18281497.3125,85798478.3125,0.2130748431914388
RAJASTHAN,2010,46851584.8125,85798478.3125,0.5460654516721677
RAJASTHAN,2011,34033912.0625,85798478.3125,0.3966726768572723
RAJASTHAN,2012,41684766.5,85798478.3125,0.4858450559947394
RAJASTHAN,2013,20006018.0,85798478.3125,0.2331745083768615
RAJASTHAN,2014,15105943.375,85798478.3125,0.17606306862436757
RAJASTHAN,2015,36502064.0,85798478.3125,0.4254395266434697
RAJASTHAN,2016,18310578.5,85798478.3125,0.2134137907820252
RAJASTHAN,2017,39173928.6875,85798478.3125,0.45658069301437415
RAJASTHAN,2018,8909642.75,85798478.3125,0.10384383179324932
RAJASTHAN,2019,46611906.625,85798478.3125,0.5432719500598544
RAJASTHAN,2020,25684117.375,85798478.3125,0.2993539964829198
RAJASTHAN,2021,11434175.5,85798478.3125,0.13326781226065348
RAJASTHAN,2022,81493432.625,85798478.3125,0.9498237524467518
RAJASTHAN,2023,6594885.875,85798478.3125,0.07686483495639328
RAJASTHAN,2024,126928739.25,85798478.3125,1.4793821725799503
SIKKIM,1993,0.0,678183.79296875,0.0
SIKKIM,1994,0.0,678183.79296875,0.0
SIKKIM,1995,0.0,678183.79296875,0.0
SIKKIM,1996,340106.046875,678183.79296875,0.5014953916639405
SIKKIM,1997,116526.3515625,678183.79296875,0.1718211976909767
SIKKIM,1998,490891.35546875,678183.79296875,0.7238323306428082
SIKKIM,1999,643924.8359375,678183.79296875,0.9494842587121091
SIKKIM,2000,0.0,678183.79296875,0.0
SIKKIM,2001,0.0,678183.79296875,0.0
SIKKIM,2002,187292.4375,678183.79296875,0.27616766935719184
SIKKIM,2003,0.0,678183.79296875,0.0
SIKKIM,2004,0.0,678183.79296875,0.0
SIKKIM,2005,0.0,678183.79296875,0.0
SIKKIM,2006,0.0,678183.79296875,0.0
SIKKIM,2007,0.0,678183.79296875,0.0
SIKKIM,2008,0.0,678183.79296875,0.0
SIKKIM,2009,0.0,678183.79296875,0.0
SIKKIM,2010,246640.26953125,678183.79296875,0.36367762262731473
SIKKIM,2011,858254.35546875,678183.79296875,1.2655188230195549
SIKKIM,2012,0.0,678183.79296875,0.0
SIKKIM,2013,0.0,678183.79296875,0.0
SIKKIM,2014,34258.95703125,678183.79296875,0.05051574128789099
SIKKIM,2015,0.0,678183.79296875,0.0
SIKKIM,2016,273677.3515625,678183.79296875,0.40354451757756876
SIKKIM,2017,0.0,678183.79296875,0.0
SIKKIM,2018,0.0,678183.79296875,0.0
SIKKIM,2019,438765.3984375,678183.79296875,0.6469712237103222
SIKKIM,2020,0.0,678183.79296875,0.0
SIKKIM,2021,0.0,678183.79296875,0.0
SIKKIM,2022,0.0,678183.79296875,0.0
SIKKIM,2023,34258.95703125,678183.79296875,0.05051574128789099
SIKKIM,2024,0.0,678183.79296875,0.0
TAMIL NADU,1993,0.0,79522633.4375,0.0
TAMIL NADU,1994,43335820.75,79522633.4375,0.5449495178509065
TAMIL NADU,1995,49337683.25,79522633.4375,0.620423156493886
TAMIL NADU,1996,12767561.6875,79522633.4375,0.16055255133790977
TAMIL NADU,1997,11822141.75,79522633.4375,0.14866386133064233
TAMIL NADU,1998,4091444.375,79522633.4375,0.05145006142453304
TAMIL NADU,1999,7644063.125,79522633.4375,0.09612437106987627
TAMIL NADU,2000,12464303.4375,79522633.4375,0.15673906784407726
TAMIL NADU,2001,4484343.75,79522633.4375,0.056390785316791904
TAMIL NADU,2002,9139184.625,79522633.4375,0.11492557816489879
TAMIL NADU,2003,25331706.25,79522633.4375,0.3185471249503979
TAMIL NADU,2004,11027426.875,79522633.4375,0.1386702929508351
TAMIL NADU,2005,42616283.0625,79522633.4375,0.5359013053308129
TAMIL NADU,2006,13576690.375,79522633.4375,0.17072737393273654
TAMIL NADU,2007,26537317.25,79522633.4375,0.3337077270065098
TAMIL NADU,2008,41593021.3125,79522633.4375,0.5230337517078029
TAMIL NADU,2009,19800413.625,79522633.4375,0.2489909195545182
TAMIL NADU,2010,43952821.875,79522633.4375,0.5527083293782552
TAMIL NADU,2011,0.0,79522633.4375,0.0
TAMIL NADU,2012,44482273.8125,79522633.4375,0.5593662066971209
TAMIL NADU,2013,7515409.5,79522633.4375,0.09450654706885002
TAMIL NADU,2014,41681934.625,79522633.4375,0.5241518398376418
TAMIL NADU,2015,66212022.375,79522633.4375,0.8326185830734424
TAMIL NADU,2016,11901134.0,79522633.4375,0.14965719173967718
TAMIL NADU,2017,14573061.875,79522633.4375,0.18325678168660686
TAMIL NADU,2018,18623621.125,79522633.4375,0.2341927111812393
TAMIL NADU,2019,32778406.75,79522633.4375,0.4121896538519672
TAMIL NADU,2020,21376231.0,79522633.4375,0.26880688020474613
TAMIL NADU,2021,35211164.125,79522633.4375,0.44278166608596853
TAMIL NADU,2022,23185222.5,79522633.4375,0.291555013934771
TAMIL NADU,2023,74272915.875,79522633.4375,0.9339846112286263
TAMIL NADU,2024,28816013.25,79522633.4375,0.3623624118616199
TELANGANA,1993,0.0,35894429.28125,0.0
TELANGANA,1994,31223987.09375,35894429.28125,0.8698839268092312
TELANGANA,1995,15737987.5,35894429.28125,0.4384520889491054
TELANGANA,1996,2036350.4375,35894429.28125,0.056731656646334214
TELANGANA,1997,3924307.1875,35894429.28125,0.10932914288039458
TELANGANA,1998,6020830.1875,35894429.28125,0.1677371756024847
TELANGANA,1999,4350032.9375,35894429.28125,0.12118963930072307
TELANGANA,2000,16810300.21875,35894429.28125,0.46832615966765395
TELANGANA,2001,5981946.8125,35894429.28125,0.16665390514022632
TELANGANA,2002,6181548.5625,35894429.28125,0.17221470535343003
TELANGANA,2003,5891982.5,35894429.28125,0.16414754651295616
TELANGANA,2004,1465405.4375,35894429.28125,0.04082542797986419
TELANGANA,2005,35184040.96875,35894429.28125,0.9802089536809802
TELANGANA,2006,19215489.9375,35894429.28125,0.5353334855093379
TELANGANA,2007,3838159.6875,35894429.28125,0.1069291186503116
TELANGANA,2008,24762426.65625,35894429.28125,0.6898682372750534
TELANGANA,2009,23858055.1875,35894429.28125,0.6646729218219557
TELANGANA,2010,22592464.65625,35894429.28125,0.6294142324767793
TELANGANA,2011,4430818.0,35894429.28125,0.1234402688306429
TELANGANA,2012,1635034.5625,35894429.28125,0.04555120655878725
TELANGANA,2013,420704.84375,35894429.28125,0.011720616601912698
TELANGANA,2014,12852101.53125,35894429.28125,0.35805281734799693
TELANGANA,2015,2212422.5,35894429.28125,0.061636932089506505
TELANGANA,2016,0.0,35894429.28125,0.0
TELANGANA,2017,0.0,35894429.28125,0.0
TELANGANA,2018,5342881.375,35894429.28125,0.14884987676321504
TELANGANA,2019,1160858.625,35894429.28125,0.03234091329058663
TELANGANA,2020,21075503.375,35894429.28125,0.5871524856925113
TELANGANA,2021,3410737.1875,35894429.28125,0.09502135166365915
TELANGANA,2022,1160858.625,35894429.28125,0.03234091329058663
TELANGANA,2023,18528975.0625,35894429.28125,0.5162075406553097
TELANGANA,2024,31776572.0625,35894429.28125,0.8852786546211775
TRIPURA,1993,0.0,4112980.1875,0.0
TRIPURA,1994,1803468.25,4112980.1875,0.4384821146187444
TRIPURA,1995,1803468.25,4112980.1875,0.4384821146187444
TRIPURA,1996,0.0,4112980.1875,0.0
TRIPURA,1997,6943486.375,4112980.1875,1.6881886268507584
TRIPURA,1998,0.0,4112980.1875,0.0
TRIPURA,1999,0.0,4112980.1875,0.0
TRIPURA,2000,975904.75,4112980.1875,0.23727436202244045
TRIPURA,2001,0.0,4112980.1875,0.0
TRIPURA,2002,2243233.8125,4112980.1875,0.5454035055450897
TRIPURA,2003,1452772.9375,4112980.1875,0.35321661454028097
TRIPURA,2004,0.0,4112980.1875,0.0
TRIPURA,2005,0.0,4112980.1875,0.0
TRIPURA,2006,1148266.0625,4112980.1875,0.2791810342266571
TRIPURA,2007,0.0,4112980.1875,0.0
TRIPURA,2008,2464916.3125,4112980.1875,0.5993017714968023
TRIPURA,2009,0.0,4112980.1875,0.0
TRIPURA,2010,0.0,4112980.1875,0.0
TRIPURA,2011,0.0,4112980.1875,0.0
TRIPURA,2012,1744798.0,4112980.1875,0.4242174580132232
TRIPURA,2013,0.0,4112980.1875,0.0
TRIPURA,2014,0.0,4112980.1875,0.0
TRIPURA,2015,0.0,4112980.1875,0.0
TRIPURA,2016,796346.25,4112980.1875,0.1936178181505038
TRIPURA,2017,0.0,4112980.1875,0.0
TRIPURA,2018,0.0,4112980.1875,0.0
TRIPURA,2019,0.0,4112980.1875,0.0
TRIPURA,2020,0.0,4112980.1875,0.0
TRIPURA,2021,0.0,4112980.1875,0.0
TRIPURA,2022,0.0,4112980.1875,0.0
TRIPURA,2023,2875166.5,4112980.1875,0.6990470094502491
TRIPURA,2024,0.0,4112980.1875,0.0
UTTAR PRADESH,1993,7544255.5,238209861.125,0.03167062633079313
UTTAR PRADESH,1994,39963240.0,238209861.125,0.16776484319861718
UTTAR PRADESH,1995,156187541.625,238209861.125,0.6556720233468463
UTTAR PRADESH,1996,88566970.875,238209861.125,0.3718022858362052
UTTAR PRADESH,1997,84428993.875,238209861.125,0.3544311451938428
UTTAR PRADESH,1998,58339359.375,238209861.125,0.24490740685326445
UTTAR PRADESH,1999,21887639.25,238209861.125,0.09188385042764673
UTTAR PRADESH,2000,38836274.25,238209861.125,0.16303386462083014
UTTAR PRADESH,2001,51161216.5,238209861.125,0.2147737136421623
UTTAR PRADESH,2002,88201431.125,238209861.125,0.37026775763374686
UTTAR PRADESH,2003,104495131.875,238209861.125,0.43866837158419086
UTTAR PRADESH,2004,41621122.875,238209861.125,0.17472460072993967
UTTAR PRADESH,2005,110440704.125,238209861.125,0.46362775916756244
UTTAR PRADESH,2006,48089826.125,238209861.125,0.20188008127742868
UTTAR PRADESH,2007,67828660.75,238209861.125,0.284743294965472
UTTAR PRADESH,2008,124264455.125,238209861.125,0.5216595758804148
UTTAR PRADESH,2009,26213499.5,238209861.125,0.11004372101222348
UTTAR PRADESH,2010,87503123.375,238209861.125,0.3673362763478669
UTTAR PRADESH,2011,26812071.125,238209861.125,0.11255651213754932
UTTAR PRADESH,2012,127165750.5,238209861.125,0.5338391530032844
UTTAR PRADESH,2013,39319619.25,238209861.125,0.16506293679155093
UTTAR PRADESH,2014,70456334.25,238209861.125,0.2957742131969433
UTTAR PRADESH,2015,4346491.0,238209861.125,0.018246478040299056
UTTAR PRADESH,2016,44676507.0,238209861.125,0.1875510391929414
UTTAR PRADESH,2017,63061169.125,238209861.125,0.2647294651328847
UTTAR PRADESH,2018,28250470.25,238209861.125,0.11859488149055106
UTTAR PRADESH,2019,98701141.0,238209861.125,0.41434531943329933
UTTAR PRADESH,2020,40614546.75,238209861.125,0.17049901527245181
UTTAR PRADESH,2021,113916171.25,238209861.125,0.47821769725235175
UTTAR PRADESH,2022,77357080.5,238209861.125,0.3247434011953312
UTTAR PRADESH,2023,20264314.75,238209861.125,0.08506916822963241
UTTAR PRADESH,2024,60993925.0,238209861.125,0.2560512176613612
UTTARAKHAND,1993,619264.4375,5349696.96875,0.11575691877827916
UTTARAKHAND,1994,6314061.65625,5349696.96875,1.1802652922461385
UTTARAKHAND,1995,0.0,5349696.96875,0.0
UTTARAKHAND,1996,2131957.5,5349696.96875,0.39851930164525734
UTTARAKHAND,1997,3989750.8125,5349696.96875,0.7457900579800948
UTTARAKHAND,1998,0.0,5349696.96875,0.0
UTTARAKHAND,1999,0.0,5349696.96875,0.0
UTTARAKHAND,2000,0.0,5349696.96875,0.0
UTTARAKHAND,2001,619264.4375,5349696.96875,0.11575691877827916
UTTARAKHAND,2002,7634401.375,5349696.96875,1.4270717424923303
UTTARAKHAND,2003,6475104.5,5349696.96875,1.2103684634520449
UTTARAKHAND,2004,0.0,5349696.96875,0.0
UTTARAKHAND,2005,5542059.875,5349696.96875,1.0359577201052095
UTTARAKHAND,2006,0.0,5349696.96875,0.0
UTTARAKHAND,2007,2558859.03125,5349696.96875,0.478318500318327
UTTARAKHAND,2008,5389312.96875,5349696.96875,1.0074052792581365
UTTARAKHAND,2009,5502434.3125,5349696.96875,1.0285506533626498
UTTARAKHAND,2010,12638988.53125,5349696.96875,2.362561581540048
UTTARAKHAND,2011,1857793.3125,5349696.96875,0.3472707563348375
UTTARAKHAND,2012,1046165.96875,5349696.96875,0.19555611745134888
UTTARAKHAND,2013,0.0,5349696.96875,0.0
UTTARAKHAND,2014,3410102.375,5349696.96875,0.6374384184599522
UTTARAKHAND,2015,619264.4375,5349696.96875,0.11575691877827916
UTTARAKHAND,2016,2171573.5,5349696.96875,0.4059245809033938
UTTARAKHAND,2017,4263915.0,5349696.96875,0.7970386032905147
UTTARAKHAND,2018,1665430.40625,5349696.96875,0.311313036229628
UTTARAKHAND,2019,1238528.875,5349696.96875,0.23151383755655833
UTTARAKHAND,2020,3644641.0,5349696.96875,0.6812798970278123
UTTARAKHAND,2021,4456268.34375,5349696.96875,0.832994535911301
UTTARAKHAND,2022,3410102.375,5349696.96875,0.6374384184599522
UTTARAKHAND,2023,2171573.5,5349696.96875,0.4059245809033938
UTTARAKHAND,2024,1238528.875,5349696.96875,0.23151383755655833
WEST BENGAL,1993,10082921.0,70051781.34375,0.1439352548441596
WEST BENGAL,1994,6577294.5,70051781.34375,0.09389189502155072
WEST BENGAL,1995,69780231.96875,70051781.34375,0.9961235907240177
WEST BENGAL,1996,20378518.625,70051781.34375,0.29090650136362545
WEST BENGAL,1997,32418798.125,70051781.34375,0.46278335116016855
WEST BENGAL,1998,18011108.375,70051781.34375,0.2571113543368437
WEST BENGAL,1999,6277245.96875,70051781.34375,0.08960865588766437
WEST BENGAL,2000,38697191.0,70051781.34375,0.5524083793117212
WEST BENGAL,2001,73702689.25,70051781.34375,1.0521172743393161
WEST BENGAL,2002,3408430.5,70051781.34375,0.048655871908160966
WEST BENGAL,2003,16951976.25,70051781.34375,0.24199207964198974
WEST BENGAL,2004,18407196.125,70051781.34375,0.26276556815413926
WEST BENGAL,2005,17566894.09375,70051781.34375,0.25077012685156097
WEST BENGAL,2006,17471862.375,70051781.34375,0.2494135343862863
WEST BENGAL,2007,53029733.625,70051781.34375,0.7570076393172448
WEST BENGAL,2008,23420006.625,70051781.34375,0.33432421240048205
WEST BENGAL,2009,39043773.375,70051781.34375,0.5573558962535001
WEST BENGAL,2010,23540521.375,70051781.34375,0.3360445790733668
WEST BENGAL,2011,28896803.84375,70051781.34375,0.41250633873178677
WEST BENGAL,2012,8767471.875,70051781.34375,0.12515701537948445
WEST BENGAL,2013,46673923.375,70051781.34375,0.666277466178442
WEST BENGAL,2014,13974449.25,70051781.34375,0.19948742176057163
WEST BENGAL,2015,16636230.75,70051781.34375,0.2374847638543924
WEST BENGAL,2016,31238842.0,70051781.34375,0.44593929520090814
WEST BENGAL,2017,38805809.625,70051781.34375,0.5539589269625653
WEST BENGAL,2018,31433608.5,70051781.34375,0.4487196170751552
WEST BENGAL,2019,64412352.625,70051781.34375,0.919496283883534
WEST BENGAL,2020,0.0,70051781.34375,0.0
WEST BENGAL,2021,8018046.125,70051781.34375,0.11445884702995304
WEST BENGAL,2022,36196514.5,70051781.34375,0.5167108359797541
WEST BENGAL,2023,35890460.375,70051781.34375,0.5123418660673664
WEST BENGAL,2024,61300411.71875,70051781.34375,0.8750728467266765
