pop_tot_unw,pop_workingage_unw,worker_PS_unw,worker_PS_m_unw,worker_PS_f_unw,worker_PS_rur_unw,worker_PS_urb_unw,labor_force_PS_unw,labor_force_PS_m_unw,labor_force_PS_f_unw,labor_force_PS_rur_unw,labor_force_PS_urb_unw,pop_m_unw,pop_f_unw,pop_rur_unw,pop_urb_unw,s_casual_w_lf_PS_unw,s_casual_w_lf_P_unw,s_casual_w_lf_PS_m_unw,s_casual_w_lf_P_m_unw,s_casual_w_lf_PS_f_unw,s_casual_w_lf_P_f_unw,s_casual_w_lf_PS_rur_unw,s_casual_w_lf_P_rur_unw,s_casual_w_lf_PS_urb_unw,s_casual_w_lf_P_urb_unw,data,time,state_name,lf_share_unw,worker_share_unw,lf_share_m_unw,worker_share_m_unw,lf_share_f_unw,worker_share_f_unw,lf_share_urb_unw,worker_share_urb_unw,lf_share_rur_unw,worker_share_rur_unw
14971,11109,5331,4136,1194,3324,2007,5714,4339,1374,3479,2235,5758,5350,6416,4693,.67378366,.5568912,.66628253,.59341449,.69723433,.314376,.81115264,.65688485,.45995525,.43424088,PLFS_1718,July 2017 - June 2018,JAMMU & KASHMIR,.51435775,.47988117,.75356025,.71830499,.25682244,.22317757,.4762412,.4276582,.54223818,.51807982
549,402,211,134,77,116,95,230,138,92,125,105,188,214,222,180,.5782609,.43915343,.557971,.50370371,.60869563,.27777779,.62400001,.46391752,.52380955,.41304347,PLFS_1718,July 2017 - June 2018,LADAKH,.57213932,.52487564,.73404253,.71276593,.42990655,.35981309,.58333331,.52777779,.56306309,.52252251
7648,5421,3365,1978,1386,2894,471,3531,2087,1443,3029,502,2631,2789,4480,941,.77371848,.72833043,.70052707,.65154439,.88011086,.84542125,.82568502,.7769466,.46015936,.44064388,PLFS_1718,July 2017 - June 2018,HIMACHAL PRADESH,.65135586,.62073416,.79323453,.75180542,.51738977,.49695233,.53347504,.50053138,.67611605,.64598215
13374,9977,4400,3690,708,2040,2360,4798,3989,807,2224,2574,5166,4809,4845,5132,.549604,.54313433,.57257456,.57024586,.43618339,.39973441,.68525177,.67883211,.43240094,.42644173,PLFS_1718,July 2017 - June 2018,PUNJAB,.48090607,.44101432,.77216417,.71428573,.16781035,.14722395,.50155884,.4598597,.45902991,.42105263
1389,1010,484,377,107,76,408,539,409,130,82,457,520,490,149,861,.30241188,.2883895,.33007336,.31862745,.21538462,.19047619,.2682927,.24050634,.30853391,.29670331,PLFS_1718,July 2017 - June 2018,CHANDIGARH,.53366339,.47920793,.78653848,.72500002,.26530612,.21836735,.53077817,.4738676,.55033559,.51006711
7003,5184,2099,1723,376,1206,893,2304,1864,440,1305,999,2654,2528,2850,2334,.60720485,.60165435,.61319745,.61021507,.58181816,.56521738,.7295019,.72064465,.44744745,.44567403,PLFS_1718,July 2017 - June 2018,UTTARANCHAL,.44444445,.40489969,.70233607,.64920872,.17405063,.14873418,.42802057,.38260496,.45789474,.4231579
12004,8550,3641,3105,536,1946,1695,3946,3369,577,2118,1828,4521,4028,4572,3978,.56487584,.56029451,.55684179,.55212355,.61178511,.60839158,.68508029,.67911154,.42560175,.42238069,PLFS_1718,July 2017 - June 2018,HARYANA,.46152046,.42584795,.74518913,.68679494,.14324728,.13306852,.4595274,.42609352,.4632546,.42563429
3956,3074,1283,1123,158,82,1201,1428,1250,176,90,1338,1673,1398,195,2879,.30462185,.30147576,.3184,.31730768,.21022727,.19075145,.36666667,.36666667,.30044842,.29707426,PLFS_1718,July 2017 - June 2018,DELHI,.46454132,.41737151,.74716079,.67124927,.12589413,.11301859,.46474472,.41715872,.46153846,.42051283
20771,14730,6767,5153,1611,4339,2428,7189,5525,1661,4541,2648,7643,7084,8800,5930,.69286412,.66164863,.65248871,.63253009,.82721251,.7791636,.82184541,.78483701,.47167674,.46165645,PLFS_1718,July 2017 - June 2018,RAJASTHAN,.48805159,.45940259,.7228837,.67421168,.23447205,.22741389,.44654301,.4094435,.51602274,.49306819
44933,31233,12726,10836,1887,8299,4427,13650,11684,1963,8766,4884,15815,15412,20068,11165,.74886447,.73101389,.74606299,.73655123,.76515538,.68690312,.85979921,.84209245,.54975432,.54193413,PLFS_1718,July 2017 - June 2018,UTTAR PRADESH,.43703774,.40745366,.7387923,.68517232,.12736829,.12243706,.43743843,.39650694,.43681481,.41354394
22080,15254,5124,4840,284,3608,1516,5578,5277,301,3901,1677,8067,7187,10737,4517,.74291861,.74199927,.75630093,.75555134,.50830567,.49829352,.80133301,.80035973,.60703635,.60598803,PLFS_1718,July 2017 - June 2018,BIHAR,.36567459,.3359119,.65414655,.59997523,.041881174,.039515793,.3712641,.335621,.36332309,.33603427
2627,2092,1238,818,420,788,450,1293,845,448,809,484,1096,996,1270,822,.5955143,.59087396,.60591716,.60118341,.57589287,.5714286,.6946848,.68726826,.42975205,.42975205,PLFS_1718,July 2017 - June 2018,SIKKIM,.61806881,.59177822,.77098542,.74635035,.44979921,.42168674,.58880776,.54744524,.63700789,.62047243
7320,5576,2168,1864,304,1453,715,2353,1992,361,1555,798,3027,2549,3595,1981,.59626007,.59328514,.60692769,.60592371,.53739613,.52354568,.71318328,.70868164,.36842105,.36842105,PLFS_1718,July 2017 - June 2018,ARUNACHAL PRADESH,.42198709,.38880917,.6580773,.6157912,.14162417,.11926246,.40282685,.36092883,.43254521,.40417245
4576,3515,1165,949,216,668,497,1506,1170,336,872,634,1804,1711,1977,1538,.3565737,.35548171,.37777779,.37692308,.28273809,.280597,.43004587,.43004587,.25552049,.25276461,PLFS_1718,July 2017 - June 2018,NAGALAND,.42844951,.33143669,.64855874,.52605319,.19637638,.12624197,.41222367,.32314694,.44107234,.33788568
11193,8092,3490,2642,847,1872,1618,3910,2937,972,2072,1838,4068,4022,4230,3862,.65319693,.64787644,.66632617,.66280651,.61316872,.60126585,.72828186,.72316658,.56855279,.56297916,PLFS_1718,July 2017 - June 2018,MANIPUR,.48319328,.43129015,.7219764,.64945918,.24167082,.21059175,.47591922,.4189539,.48983452,.44255319
6616,4963,2213,1561,652,807,1406,2549,1762,786,897,1652,2433,2528,1675,3288,.54021186,.53942722,.57207721,.5709421,.46946564,.46946564,.76254183,.76254183,.41949153,.41828087,PLFS_1718,July 2017 - June 2018,MIZORAM,.51360065,.44589967,.72420877,.64159477,.31091774,.25791138,.50243306,.42761558,.5355224,.48179105
7150,5735,2348,2033,315,1589,759,2561,2176,385,1724,837,2953,2782,3842,1893,.60288948,.59749901,.63097429,.62454045,.44415584,.44386423,.69141531,.68543237,.42054957,.41626793,PLFS_1718,July 2017 - June 2018,TRIPURA,.44655624,.40941587,.73687774,.68845242,.13838965,.1132279,.4421553,.40095088,.44872463,.41358668
5980,4185,2308,1364,944,1672,636,2372,1391,981,1692,680,2012,2173,2784,1401,.70362562,.69237399,.71818835,.71746945,.68297654,.65483868,.81560284,.8051157,.42500001,.4197349,PLFS_1718,July 2017 - June 2018,MEGHALAYA,.56678617,.55149341,.69135189,.67793238,.4514496,.43442246,.4853676,.45396146,.60775864,.60057473
14806,11393,4729,4157,572,3581,1148,5224,4544,680,3971,1253,5889,5503,8675,2718,.63169986,.62617362,.68045777,.67481285,.30588236,.29985228,.68068498,.67464715,.47645649,.47242206,PLFS_1718,July 2017 - June 2018,ASSAM,.45852718,.41507944,.77160805,.70589232,.12356896,.1039433,.46100074,.42236939,.45775217,.41279539
25099,19723,9079,7293,1785,5003,4076,9692,7807,1884,5242,4450,10024,9697,10674,9049,.6551795,.6308617,.6622262,.64865911,.62632698,.54289371,.79816866,.7768513,.48674157,.45913124,PLFS_1718,July 2017 - June 2018,WEST BENGAL,.49140596,.46032551,.77883083,.72755384,.1942869,.18407755,.49176705,.4504365,.49109986,.46870902
12575,8869,3527,2920,606,2276,1251,3873,3220,652,2454,1419,4488,4379,5429,3440,.70875293,.68743342,.70900619,.69358373,.70705521,.65178573,.82722086,.8044312,.50387597,.4925479,PLFS_1718,July 2017 - June 2018,JHARKHAND,.43668959,.3976773,.7174688,.65062386,.14889245,.13838775,.41249999,.36366278,.45201695,.41923007
15886,12111,5208,4235,973,3924,1284,5700,4620,1080,4265,1435,6031,6080,8992,3119,.72368419,.7053377,.72359306,.71360487,.72407407,.66255605,.80890971,.79084492,.47038329,.45467523,PLFS_1718,July 2017 - June 2018,ORISSA,.47064653,.4300223,.76604211,.7022053,.17763157,.1600329,.46008337,.41167042,.47431049,.4363879
10253,7681,4402,2842,1559,3116,1286,4615,2981,1633,3208,1407,3929,3751,4997,2684,.77031422,.73678339,.72861457,.69380111,.84629518,.81824064,.90741897,.87210053,.45771143,.43219724,PLFS_1718,July 2017 - June 2018,CHATTISGARH,.60083324,.57310247,.75871724,.72333926,.43535057,.4156225,.52421761,.47913563,.64198518,.62357414
21389,15966,8012,6030,1982,5092,2920,8445,6396,2049,5274,3171,8317,7649,9490,6476,.75050324,.73806375,.7374922,.72393703,.79111761,.78371501,.88244218,.86952347,.53106278,.51816136,PLFS_1718,July 2017 - June 2018,MADHYA PRADESH,.52893651,.50181633,.76902729,.72502106,.26787814,.25911883,.48965409,.45089561,.55574286,.53656483
15969,12040,5681,4629,1049,2984,2697,5986,4886,1097,3150,2836,6266,5770,6077,5963,.60524559,.58928263,.58104789,.57819223,.71194166,.64784056,.75619048,.73913044,.43758816,.42898032,PLFS_1718,July 2017 - June 2018,GUJARAT,.49717608,.47184387,.77976382,.73874879,.19012132,.18180242,.47559953,.4522891,.51834786,.49103177
1187,893,526,401,125,239,287,538,411,127,245,293,502,391,401,492,.37360594,.25760648,.31143552,.25121951,.57480317,.28915662,.55510205,.34615386,.221843,.19298245,PLFS_1718,July 2017 - June 2018,D & N. HAVELI & DAMAN & DIU,.6024636,.58902574,.81872511,.79880476,.32480818,.31969309,.59552848,.58333331,.61097258,.59600997
33075,24660,12426,9053,3373,6431,5995,13106,9538,3568,6626,6480,12560,12096,11389,13271,.62765145,.61806142,.60148877,.59218699,.6975897,.68843073,.84394807,.83078802,.40648147,.40180096,PLFS_1718,July 2017 - June 2018,MAHARASHTRA,.53146797,.50389296,.75939488,.72078025,.29497355,.27885252,.48828271,.45173687,.58178943,.56466764
14565,11159,6237,4072,2165,3851,2386,6645,4359,2286,4041,2604,5452,5707,6200,4959,.70880359,.69121248,.67125487,.65392584,.78040242,.76518959,.84063351,.8213293,.50422424,.49126214,PLFS_1718,July 2017 - June 2018,ANDHRA PRADESH,.59548348,.55892104,.79952312,.7468819,.40056071,.37935868,.52510589,.48114538,.65177417,.62112904
16691,12643,6148,4649,1498,2963,3185,6504,4919,1584,3087,3417,6358,6284,5741,6902,.64037514,.63830769,.64301687,.64091092,.63194442,.62998104,.82960802,.82604468,.46941763,.46850279,PLFS_1718,July 2017 - June 2018,KARNATAKA,.51443487,.48627698,.77367097,.73120481,.25206876,.23838319,.49507388,.46146044,.5377112,.51611215
1661,1204,564,406,158,261,303,646,442,204,303,343,576,627,552,652,.33436534,.31661442,.35746607,.3484163,.28431374,.24489796,.36963695,.34006733,.30320701,.29618767,PLFS_1718,July 2017 - June 2018,GOA,.53654486,.46843854,.7673611,.7048611,.32535884,.25199363,.52607363,.46472391,.54891306,.47282609
638,468,165,137,28,61,104,212,157,55,74,138,208,260,153,315,.35849056,.35849056,.47133759,.47133759,.036363635,.036363635,.43243244,.43243244,.31884059,.31884059,PLFS_1718,July 2017 - June 2018,LAKSHDWEEP,.45299146,.3525641,.75480771,.65865386,.21153846,.10769231,.43809524,.33015874,.48366013,.39869282
17400,12267,5274,3853,1420,2468,2806,6054,4146,1907,2747,3307,5588,6677,5547,6720,.54592007,.52128744,.61939216,.60606062,.38594651,.3207331,.61630869,.59344387,.48745087,.46177751,PLFS_1718,July 2017 - June 2018,KERALA,.49351919,.42993397,.74194705,.68951327,.28560731,.21267036,.49211308,.41755953,.49522263,.44492519
23614,17969,9244,6391,2853,4732,4512,10074,6959,3115,5154,4920,8824,9144,8681,9288,.54744887,.52739936,.51875269,.50490057,.61155701,.57993942,.67326349,.64640445,.4156504,.40451282,PLFS_1718,July 2017 - June 2018,TAMIL NADU,.56063223,.51444155,.78864461,.72427469,.34066054,.31200787,.52971578,.48578811,.59371042,.54509848
2075,1556,642,503,139,141,501,723,551,172,154,569,746,810,343,1213,.44398341,.43828017,.51361161,.5090909,.22093023,.21052632,.58441556,.5714286,.4059754,.40211639,PLFS_1718,July 2017 - June 2018,PONDICHERRY,.46465296,.4125964,.73860592,.67426276,.21234567,.17160493,.46908492,.41302556,.44897959,.41107872
1863,1413,696,557,139,349,347,833,600,233,416,417,726,687,734,679,.34573829,.33293125,.41499999,.40201005,.16738197,.15517241,.47115386,.45278451,.22062351,.2139423,PLFS_1718,July 2017 - June 2018,A & N ISLANDS,.58952582,.492569,.82644629,.76721764,.33915576,.20232897,.61413842,.51104563,.5667575,.47547683
10453,8121,3982,2802,1180,1922,2060,4357,3078,1279,2072,2285,4108,4013,3569,4552,.5967409,.59258407,.55458087,.55086124,.69820172,.69407117,.8141892,.80931586,.39956236,.39675581,PLFS_1718,July 2017 - June 2018,TELANGANA,.53651029,.49033371,.74926972,.68208373,.31871417,.29404435,.50197715,.45254833,.58055478,.53852618
14722,10875,5557,4085,1472,3557,2000,5862,4234,1628,3673,2189,5554,5321,6331,4544,.71204364,.55653822,.69697684,.59130859,.75122851,.33843797,.82929486,.6256066,.51530379,.46714976,PLFS_1819,July 2018 - June 2019,JAMMU & KASHMIR,.53903449,.51098853,.76233345,.73550594,.30595753,.27663973,.48173416,.44014084,.58016109,.56183857
551,398,239,154,85,130,109,242,154,88,132,110,202,196,210,188,.63223141,.40101522,.61038959,.47260273,.67045456,.19607843,.81818181,.5,.40909091,.31067961,PLFS_1819,July 2018 - June 2019,LADAKH,.60804021,.60050249,.76237625,.76237625,.44897959,.43367347,.58510637,.57978725,.62857145,.61904764
7278,5161,3409,1879,1528,2938,471,3592,1984,1606,3080,512,2522,2637,4256,905,.79259467,.72355145,.72832662,.65394402,.87173098,.81424767,.8496753,.77609426,.44921875,.41082165,PLFS_1819,July 2018 - June 2019,HIMACHAL PRADESH,.69598913,.66053092,.78667724,.74504364,.60902542,.57944632,.56574583,.52044201,.72368419,.69031954
13355,9950,4527,3698,828,2175,2352,4900,3985,914,2365,2535,5133,4814,4943,5007,.54142857,.52833331,.55207026,.54684752,.49562362,.43887532,.67484146,.65953732,.41696253,.40852928,PLFS_1819,July 2018 - June 2019,PUNJAB,.49246231,.45497486,.77634913,.72043639,.18986291,.17199834,.50629121,.46974236,.47845438,.44001618
1323,980,470,383,87,86,384,503,405,98,89,414,525,455,164,816,.25844932,.23742455,.28641975,.26932669,.14285715,.10416666,.34831461,.29545453,.23913044,.22493887,PLFS_1819,July 2018 - June 2019,CHANDIGARH,.51326531,.47959185,.77142859,.72952384,.21538462,.19120879,.50735295,.47058824,.54268295,.52439022
7422,5385,2191,1799,391,1274,917,2446,1953,492,1380,1066,2720,2664,3001,2384,.61324614,.60869563,.62058371,.61916965,.58333331,.56584364,.73840582,.73236364,.4512195,.44873002,PLFS_1819,July 2018 - June 2019,UTTARANCHAL,.45422471,.40687093,.71801472,.66139704,.18468468,.14677177,.44714764,.38464764,.45984671,.42452517
11470,8272,3608,3020,588,1896,1712,3944,3292,652,2072,1872,4366,3906,4452,3820,.53118664,.52449858,.53705955,.53041363,.50153375,.49462366,.66167957,.6523211,.38675213,.38321754,PLFS_1819,July 2018 - June 2019,HARYANA,.47678918,.43617022,.75400823,.69170868,.16692269,.15053764,.49005234,.44816753,.4654088,.42587602
3853,2932,1254,1075,179,85,1169,1399,1194,205,88,1311,1616,1314,218,2714,.30235884,.29690871,.31742042,.31228957,.21463415,.20689656,.38636363,.38636363,.29672006,.29086724,PLFS_1819,July 2018 - June 2019,DELHI,.47714871,.42769441,.73886138,.66522276,.15601218,.13622527,.48305085,.43072954,.40366971,.38990825
20073,14289,6918,4993,1924,4562,2356,7375,5368,2006,4761,2614,7277,7010,8635,5654,.70861018,.66834766,.66672873,.64552659,.82103688,.75259876,.84709096,.80669057,.45638868,.44192412,PLFS_1819,July 2018 - June 2019,RAJASTHAN,.51613128,.48414865,.73766661,.6861344,.28616261,.27446505,.46232757,.41669613,.55136073,.52831501
43364,30538,12060,10188,1871,7971,4089,12872,10943,1928,8339,4533,15277,15257,19356,11182,.75450593,.73559183,.74732703,.73770189,.79512447,.7192362,.86880922,.84993565,.54423118,.5372768,PLFS_1819,July 2018 - June 2019,UTTAR PRADESH,.42150763,.39491782,.71630555,.66688484,.12636822,.12263224,.40538365,.36567697,.43082249,.41181028
21810,15056,5087,4813,273,3562,1525,5630,5334,295,3934,1696,7860,7192,10564,4492,.75097692,.7504887,.7605924,.76008254,.57966101,.57966101,.80960852,.80900306,.61497641,.61474925,PLFS_1819,July 2018 - June 2019,BIHAR,.37393731,.33787194,.67862594,.61234099,.041017797,.037958842,.37756011,.33949244,.37239683,.33718288
2744,2196,1281,804,477,831,450,1334,838,496,855,479,1136,1060,1351,845,.60869563,.58033031,.58591884,.54958183,.6471774,.63232321,.71461987,.67643613,.41962421,.4091858,PLFS_1819,July 2018 - June 2019,SIKKIM,.60746813,.58333331,.73767608,.70774651,.46792454,.44999999,.56686389,.53254437,.63286453,.61509991
7522,5942,2277,1918,358,1513,764,2532,2082,449,1659,873,3195,2745,3829,2113,.57543445,.55974591,.59894335,.59298414,.46770602,.40274599,.68957204,.66686893,.3585338,.35706085,PLFS_1819,July 2018 - June 2019,ARUNACHAL PRADESH,.42611915,.38320431,.65164322,.60031301,.16357012,.13041894,.41315666,.36157122,.43327239,.39514235
4202,3133,1125,910,215,668,457,1388,1070,318,800,588,1584,1547,1755,1378,.43299711,.43299711,.43925235,.43925235,.41194969,.41194969,.51875001,.51875001,.31632653,.31632653,PLFS_1819,July 2018 - June 2019,NAGALAND,.44302586,.35908076,.67550504,.57449496,.20555915,.13897868,.42670536,.33164006,.45584047,.38062677
10981,7861,3544,2589,953,1857,1687,3877,2809,1065,2020,1857,3893,3963,4103,3758,.6229043,.61602718,.62584549,.61960787,.61596245,.60703814,.68564355,.67975831,.55465806,.54742545,PLFS_1819,July 2018 - June 2019,MANIPUR,.49319425,.45083323,.72155148,.66503984,.2687358,.24047439,.49414581,.44890898,.49232268,.45259565
6009,4669,2119,1482,637,780,1339,2308,1585,723,830,1478,2293,2374,1568,3101,.60615253,.60571921,.60252368,.60189277,.61410791,.61410791,.81566262,.81566262,.48849797,.48782137,PLFS_1819,July 2018 - June 2019,MIZORAM,.49432427,.45384452,.69123417,.64631486,.30454928,.26832351,.47662044,.43179619,.52933675,.49744898
6934,5594,2305,1978,327,1559,746,2643,2139,504,1759,884,2854,2740,3710,1884,.59629208,.59175181,.658719,.65357643,.33134919,.32936507,.67424673,.67083567,.44117647,.43438914,PLFS_1819,July 2018 - June 2019,TRIPURA,.47247049,.41204864,.74947441,.69306237,.1839416,.11934306,.46921444,.39596602,.47412398,.42021564
5693,3966,2163,1311,852,1565,598,2263,1361,902,1610,653,1955,2011,2603,1363,.65576667,.64092141,.66862601,.66323531,.63636363,.60538644,.7614907,.74519849,.39509955,.39110428,PLFS_1819,July 2018 - June 2019,MEGHALAYA,.57060009,.54538578,.69616365,.67058825,.44853306,.42366982,.47909024,.43873808,.6185171,.60122937
14445,10888,4528,3921,607,3514,1014,4915,4238,676,3785,1130,5669,5218,8353,2535,.61810786,.61117911,.66776782,.66241437,.30769232,.28742516,.66155881,.65571165,.47256637,.46235606,PLFS_1819,July 2018 - June 2019,ASSAM,.45141441,.4158707,.74757451,.69165635,.12955156,.1163281,.44575936,.40000001,.4531306,.42068717
24644,19239,9255,7273,1982,4994,4261,9769,7703,2066,5227,4542,9707,9530,10384,8855,.66772443,.637519,.66701287,.64752162,.67037755,.58924049,.79873735,.77188706,.51695287,.48307261,PLFS_1819,July 2018 - June 2019,WEST BENGAL,.50777066,.4810541,.79355103,.74925309,.21678908,.20797482,.51293057,.48119706,.50337058,.48093221
12401,8726,3767,2952,814,2498,1269,4039,3204,834,2641,1398,4332,4391,5392,3334,.71750432,.69142562,.70006239,.68544304,.78417265,.71893489,.84513444,.81973898,.47639486,.46425992,PLFS_1819,July 2018 - June 2019,JHARKHAND,.46286958,.43169838,.73961216,.68144047,.18993396,.18537918,.41931614,.38062388,.48979971,.46327892
15172,11494,5231,4020,1210,4001,1230,5751,4421,1329,4345,1406,5675,5817,8531,2963,.71257174,.68537289,.70640129,.68911564,.73288184,.67115903,.80069047,.77477044,.44025606,.41847041,PLFS_1819,July 2018 - June 2019,ORISSA,.50034803,.455107,.77903086,.70837003,.22846828,.208011,.47451907,.4151198,.50931895,.46899542
9739,7269,4178,2662,1515,2900,1278,4331,2776,1554,2959,1372,3676,3592,4687,2582,.76702839,.73795396,.72730547,.69737798,.83783782,.813779,.90233189,.87193841,.47521865,.45535055,PLFS_1819,July 2018 - June 2019,CHATTISGARH,.59581786,.57476956,.75516868,.72415668,.43262807,.4217706,.53137106,.49496514,.63132066,.61873269
20773,15535,7618,5831,1787,4886,2732,7996,6164,1832,5011,2985,8088,7446,9163,6372,.75900447,.73972952,.74448413,.72651529,.80786026,.78683752,.88964278,.87227094,.53969848,.51855636,PLFS_1819,July 2018 - June 2019,MADHYA PRADESH,.5147087,.49037656,.76211673,.72094458,.24603814,.23999463,.46845573,.42875078,.54687327,.5332315
14390,10861,5246,4225,1020,2831,2415,5473,4427,1045,2943,2530,5638,5221,5520,5341,.58578473,.57207036,.55409986,.54872257,.71961725,.68409586,.77166158,.7557441,.36956522,.36530045,PLFS_1819,July 2018 - June 2019,GUJARAT,.5039131,.48301262,.78520751,.74937922,.20015323,.19536488,.47369406,.4521625,.53315216,.51286232
1216,956,565,433,132,279,286,574,440,134,281,293,531,425,450,506,.40418118,.28705442,.32954547,.26086956,.64925373,.40625,.5871886,.39024389,.22866894,.19860627,PLFS_1819,July 2018 - June 2019,D & N. HAVELI & DAMAN & DIU,.60041839,.59100419,.82862526,.81544256,.31529412,.31058824,.57905138,.56521738,.62444443,.62
32366,24128,12257,8861,3395,6362,5895,12878,9285,3592,6599,6279,12351,11771,11309,12819,.61290574,.60339302,.58513731,.57496488,.68457681,.67759252,.83179271,.81807065,.38286352,.37871999,PLFS_1819,July 2018 - June 2019,MAHARASHTRA,.53373677,.507999,.75176102,.71743178,.30515674,.28842071,.48981979,.45986426,.58351755,.5625608
14178,10879,5928,3959,1964,3636,2292,6354,4236,2113,3838,2516,5393,5479,5972,4907,.66761094,.65014344,.63385272,.6175006,.73497397,.71734893,.79963523,.78419936,.46621621,.44804156,PLFS_1819,July 2018 - June 2019,ANDHRA PRADESH,.58406103,.54490304,.78546262,.73409975,.38565433,.35845956,.51273692,.46708784,.64266574,.60884124
16112,12054,5930,4576,1352,2876,3054,6174,4761,1411,2958,3216,6128,5920,5517,6537,.62066734,.61778575,.62003779,.61777687,.62296242,.61798561,.81812036,.81654185,.43905473,.43604109,PLFS_1819,July 2018 - June 2019,KARNATAKA,.51219511,.49195287,.77692556,.74673629,.23834459,.22837839,.49196878,.46718678,.53616095,.52129781
1679,1251,618,454,164,262,356,669,476,193,283,386,625,626,554,697,.35874438,.34580839,.37605041,.36134455,.31606218,.30729166,.39222616,.37588653,.3341969,.32383421,PLFS_1819,July 2018 - June 2019,GOA,.53477216,.49400479,.76160002,.72640002,.30830672,.26198083,.55380201,.51076043,.51083034,.47292417
642,492,158,137,21,52,106,219,180,39,73,146,232,260,168,324,.39269406,.39269406,.47777778,.47777778,0,0,.4520548,.4520548,.36301368,.36301368,PLFS_1819,July 2018 - June 2019,LAKSHDWEEP,.44512194,.3211382,.7758621,.59051722,.15000001,.080769233,.45061728,.32716051,.43452382,.30952382
16882,11959,5661,3951,1708,2533,3128,6299,4193,2104,2781,3518,5494,6462,5220,6739,.57199556,.53378826,.62699735,.60462314,.46197718,.37452778,.66235167,.62164235,.50056851,.4664903,PLFS_1819,July 2018 - June 2019,KERALA,.52671629,.47336733,.76319623,.71914816,.3255958,.26431444,.5220359,.46416381,.53275859,.48524904
22877,17315,9207,6115,3092,4769,4438,9936,6578,3358,5126,4810,8437,8877,8215,9100,.5497182,.52785146,.51915479,.50205886,.60958904,.57996917,.68552476,.65537846,.4049896,.3939774,PLFS_1819,July 2018 - June 2019,TAMIL NADU,.5738377,.53173548,.779661,.72478372,.37828094,.34831586,.52857143,.4876923,.62398052,.58052343
2078,1540,776,530,246,206,570,835,575,260,224,611,729,810,354,1186,.39401197,.37094837,.38782609,.36347827,.40769231,.38759691,.54464287,.51121074,.33878887,.31967214,PLFS_1819,July 2018 - June 2019,PONDICHERRY,.54220778,.50389612,.78875172,.7270233,.32098764,.3037037,.51517707,.48060709,.63276833,.58192092
1713,1327,663,522,141,316,347,767,554,213,362,405,678,649,647,680,.34419817,.33552632,.38267148,.37749547,.24413146,.22488038,.46685082,.45658264,.2345679,.22828785,PLFS_1819,July 2018 - June 2019,A & N ISLANDS,.57799548,.49962321,.81710917,.76991153,.32819724,.21725732,.59558821,.51029414,.5595054,.48840803
10144,7842,3971,2673,1297,2003,1968,4352,2930,1421,2140,2212,3937,3903,3452,4390,.62109375,.61467254,.58395904,.57754195,.69739622,.69192278,.83504671,.82956684,.41410488,.40691853,PLFS_1819,July 2018 - June 2019,TELANGANA,.55496049,.50637591,.74422151,.67894334,.36407891,.33230847,.50387245,.44829157,.61993045,.58024335
15249,11127,5656,4054,1601,3561,2095,6104,4235,1868,3715,2389,5695,5430,6421,4706,.71150064,.58764672,.71145219,.62235576,.71145612,.44787645,.83849257,.68097526,.51402259,.46870896,PLFS_1920,July 2019 - June 2020,JAMMU & KASHMIR,.54857552,.50831312,.74363476,.71185249,.34401473,.29484347,.50764978,.44517636,.57857031,.55458653
432,301,189,116,73,102,87,190,117,73,102,88,165,136,162,139,.67894739,.45890412,.66666669,.5,.69863015,.32352942,.85294116,.55882353,.47727272,.37179488,PLFS_1920,July 2019 - June 2020,LADAKH,.63122922,.62790698,.70909089,.70303029,.53676468,.53676468,.63309354,.62589926,.62962961,.62962961
7257,5096,3626,1910,1716,3133,493,3778,2009,1769,3238,540,2445,2651,4159,937,.79962945,.71749377,.7297163,.63636363,.87902772,.8150183,.86349601,.7749269,.41666666,.38257575,PLFS_1920,July 2019 - June 2020,HIMACHAL PRADESH,.74136579,.71153843,.82167691,.7811861,.66729534,.64730293,.57630736,.52614731,.77855253,.75330609
13330,9980,4796,3828,968,2429,2367,5163,4099,1064,2594,2569,5219,4761,5049,4931,.54580671,.5301733,.55720907,.55362815,.50187969,.42672414,.70817268,.68845844,.38186064,.37593395,PLFS_1920,July 2019 - June 2020,PUNJAB,.51733464,.48056111,.7853995,.73347384,.22348246,.20331863,.52098966,.48002434,.5137651,.48108536
1376,1003,481,387,94,85,396,517,414,103,93,424,515,488,166,837,.25338492,.24513619,.27536231,.26876512,.16504854,.14851485,.20430107,.20430107,.26415095,.25415677,PLFS_1920,July 2019 - June 2020,CHANDIGARH,.51545364,.47956133,.80388349,.75145632,.21106558,.19262294,.50657111,.47311828,.56024098,.51204818
6974,5082,2479,1811,668,1499,980,2649,1928,721,1578,1071,2532,2547,2813,2269,.62589657,.61673671,.59906638,.59595436,.69764215,.67489117,.77883399,.76664513,.40056023,.40000001,PLFS_1920,July 2019 - June 2020,UTTARANCHAL,.5212515,.48780009,.76145339,.71524489,.28307813,.26226935,.4720141,.43190834,.56096697,.53288305
11703,8441,3665,3071,594,1846,1819,3988,3341,647,2026,1962,4482,3959,4496,3945,.52683049,.52071303,.53157735,.52574849,.50231838,.49455675,.6786772,.67062312,.37003058,.36613971,PLFS_1920,July 2019 - June 2020,HARYANA,.47245586,.43419027,.74542618,.68518519,.1634251,.15003788,.49733841,.46109,.45062277,.41058719
3810,2900,1222,1052,170,74,1148,1357,1160,197,80,1277,1564,1336,177,2723,.25792187,.25608855,.27068967,.27006039,.18274112,.17346939,.40000001,.40000001,.24902114,.24705882,PLFS_1920,July 2019 - June 2020,DELHI,.46793103,.4213793,.74168795,.67263424,.1474551,.12724552,.46896806,.42159384,.4519774,.41807911
20693,14587,7667,5201,2464,5192,2475,8080,5543,2535,5366,2714,7451,7134,8868,5719,.75136137,.70548409,.6940285,.66508663,.87652862,.82191783,.86619455,.8179903,.52431834,.50303262,PLFS_1920,July 2019 - June 2020,RAJASTHAN,.55391788,.52560496,.743927,.69802713,.35534063,.34538829,.4745585,.43276796,.605097,.58547586
43509,30722,13455,10958,2496,9008,4447,14149,11559,2589,9302,4847,15528,15189,19692,11030,.77941906,.75521612,.77100098,.75370711,.81691772,.76360041,.89271122,.86751443,.56199712,.55157232,PLFS_1920,July 2019 - June 2020,UTTAR PRADESH,.46054944,.43795976,.74439722,.70569295,.1704523,.16432945,.4394379,.40317318,.47237456,.45744464
21489,14699,5405,4849,556,3879,1526,5764,5187,577,4088,1676,7610,7089,10422,4277,.80187368,.79972041,.80701756,.80602199,.75563258,.73937154,.87035227,.86803156,.63484484,.63369304,PLFS_1920,July 2019 - June 2020,BIHAR,.39213553,.36771208,.68160313,.6371879,.081393711,.078431375,.39186347,.35679215,.39224717,.37219343
2643,2102,1377,819,558,892,485,1411,845,566,907,504,1065,1037,1275,827,.57193482,.527417,.57633138,.53325415,.56537104,.51838237,.68026459,.61721402,.37698412,.36978132,PLFS_1920,July 2019 - June 2020,SIKKIM,.67126548,.65509039,.79342723,.76901406,.54580522,.53809065,.60943168,.58645707,.71137255,.69960785
7765,5825,2445,1910,535,1659,786,2672,2064,608,1798,874,3078,2747,3812,2013,.59281439,.58816922,.60271317,.60077518,.55921054,.54530478,.7096774,.70339453,.35240275,.35125858,PLFS_1920,July 2019 - June 2020,ARUNACHAL PRADESH,.45871246,.41974249,.67056531,.62053281,.22133236,.19475792,.43417785,.39046201,.47166842,.43520463
4275,3300,1387,920,467,869,518,1876,1224,652,1176,700,1681,1619,1881,1419,.45842218,.45755473,.43464053,.43371522,.50306749,.50230414,.52976191,.52855927,.33857143,.33857143,PLFS_1920,July 2019 - June 2020,NAGALAND,.56848484,.42030302,.72813803,.54729331,.40271774,.28844967,.49330515,.36504582,.62519938,.4619883
10877,7836,3680,2535,1145,1768,1912,4039,2787,1252,1928,2111,3876,3958,3902,3934,.63604856,.63101739,.6225332,.61974865,.66613418,.65622491,.70902491,.70514822,.5693984,.56336021,PLFS_1920,July 2019 - June 2020,MANIPUR,.51544154,.46962735,.71904027,.65402478,.31632137,.28928751,.53660399,.48601931,.49410558,.45310098
6140,4854,2445,1607,837,886,1559,2611,1709,901,927,1684,2425,2426,1611,3243,.66679436,.66078281,.64248097,.63364595,.71254164,.71190214,.8176915,.80777538,.58372921,.57976192,PLFS_1920,July 2019 - June 2020,MIZORAM,.53790689,.5037083,.70474225,.66268039,.37139323,.34501237,.51927227,.48072773,.57541901,.54996896
7242,5681,2811,2159,652,1957,854,2960,2275,685,2055,905,2884,2796,3819,1862,.69831079,.68976003,.70901102,.70008796,.66277373,.65547442,.76836985,.76058394,.53922653,.52876109,PLFS_1920,July 2019 - June 2020,TRIPURA,.52103502,.49480724,.78883493,.74861306,.24499285,.23319027,.48603651,.45864663,.53809899,.51243782
6172,4219,2245,1354,891,1632,613,2353,1402,951,1670,683,2061,2158,2805,1414,.67403316,.65664488,.6883024,.68259627,.65299684,.61590147,.78502995,.76736975,.40263543,.39531478,PLFS_1920,July 2019 - June 2020,MEGHALAYA,.55771512,.53211659,.68025231,.65696263,.44068581,.4128823,.48302686,.43352193,.59536541,.58181816
14607,10904,4644,3901,742,3552,1092,5078,4179,898,3865,1213,5544,5358,8347,2557,.63706183,.62840772,.69107443,.68334132,.38530067,.36806342,.68305302,.67480522,.49051937,.4810231,PLFS_1920,July 2019 - June 2020,ASSAM,.46570066,.42589876,.75378788,.70364356,.16759986,.13848451,.47438404,.42706296,.46304062,.42554212
22055,17247,8406,6466,1938,4601,3805,8938,6889,2047,4876,4062,8678,8566,9351,7896,.66424257,.63576627,.67237628,.65399241,.63702983,.56183118,.80086136,.77145946,.50024617,.47472414,PLFS_1920,July 2019 - June 2020,WEST BENGAL,.51823503,.48738912,.79384649,.74510258,.23896801,.22624329,.51443768,.48188958,.52144158,.49203295
12509,8879,4480,3129,1351,3073,1407,4745,3361,1384,3175,1570,4431,4446,5426,3453,.76754481,.71911424,.72597444,.69544071,.86849713,.79699999,.88629919,.83581549,.52738851,.51008457,PLFS_1920,July 2019 - June 2020,JHARKHAND,.53440702,.50456131,.75851953,.70616114,.31129104,.30386865,.4546771,.40747178,.58514559,.56634724
15014,11328,5788,4112,1674,4467,1321,6275,4500,1768,4813,1462,5638,5681,8460,2868,.7505976,.71375716,.73066664,.7027691,.80373305,.75017112,.83108246,.79344696,.48563612,.46186143,PLFS_1920,July 2019 - June 2020,ORISSA,.55393714,.51094633,.79815537,.72933662,.31121281,.29466644,.50976288,.46059972,.56891251,.52801418
9856,7365,4494,2791,1703,3289,1205,4678,2933,1745,3360,1318,3676,3689,4866,2499,.77426249,.74193549,.73133308,.6997245,.84641832,.81750923,.90416664,.86755586,.44309559,.43087557,PLFS_1920,July 2019 - June 2020,CHATTISGARH,.63516635,.6101833,.79787815,.75924921,.47302791,.46164271,.52741098,.48219287,.69050556,.67591453
21251,15800,8595,6081,2512,5640,2955,8963,6392,2569,5767,3196,8133,7664,9455,6345,.76905054,.73272383,.74202126,.71451229,.83651227,.78723407,.90792441,.87385023,.51846057,.4898223,PLFS_1920,July 2019 - June 2020,MADHYA PRADESH,.5672785,.54398733,.78593385,.74769455,.33520356,.32776618,.50370371,.46572104,.60994184,.59650975
15140,11441,6220,4539,1680,3467,2753,6385,4684,1700,3534,2851,5902,5537,5786,5655,.64385277,.62443221,.59009391,.57913899,.79176468,.76572961,.81946802,.79852724,.42616627,.4109787,PLFS_1920,July 2019 - June 2020,GUJARAT,.55808061,.54365879,.79362929,.76906133,.30702546,.30341339,.50415564,.48682582,.61078465,.59920496
1157,880,555,407,148,261,294,574,424,150,264,310,498,382,390,490,.40069687,.24266145,.2995283,.20567375,.68666667,.42045453,.65909094,.37440759,.18064517,.15000001,PLFS_1920,July 2019 - June 2020,D & N. HAVELI & DAMAN & DIU,.6522727,.63068181,.85140562,.81726909,.39267015,.38743454,.63265306,.60000002,.6769231,.66923076
30585,22713,12629,8601,4027,6838,5791,13099,8951,4147,7000,6099,11579,11132,10843,11870,.64149934,.6321733,.60384315,.59341031,.72269112,.71658927,.85314286,.84143883,.39858994,.39245096,PLFS_1920,July 2019 - June 2020,MAHARASHTRA,.57671815,.55602521,.77303737,.74281025,.37252966,.36174992,.51381636,.48786858,.64557779,.63063729
13885,10733,5921,3941,1980,3619,2302,6291,4189,2102,3788,2503,5301,5432,5888,4845,.68097281,.66516924,.65361661,.63597125,.73549002,.72418809,.81652588,.79941159,.47582901,.46391338,PLFS_1920,July 2019 - June 2020,ANDHRA PRADESH,.58613622,.5516631,.79022825,.74344462,.38696614,.36450663,.51661509,.47512901,.64334238,.61463994
15942,11937,6465,4528,1935,3352,3113,6718,4716,2000,3436,3282,5973,5960,5549,6388,.64944923,.63701016,.63040709,.61969727,.69450003,.67954069,.83527356,.82067323,.45490554,.44741696,PLFS_1920,July 2019 - June 2020,KARNATAKA,.56278795,.54159337,.78955299,.75807804,.33557048,.32466444,.51377583,.48731998,.61921066,.60407281
1800,1380,673,492,181,291,382,740,533,207,323,417,700,680,621,759,.36891893,.35135135,.36022514,.33958724,.39130434,.38164252,.49845201,.47368422,.26858515,.25659472,PLFS_1920,July 2019 - June 2020,GOA,.53623188,.48768115,.76142859,.70285714,.30441177,.26617646,.54940712,.50329381,.52012885,.46859902
405,297,130,98,32,42,88,153,112,41,45,108,133,164,75,222,.43137255,.38410595,.51785713,.4642857,.19512194,.15384616,.64444447,.58139533,.3425926,.30555555,PLFS_1920,July 2019 - June 2020,LAKSHDWEEP,.5151515,.43771043,.84210527,.7368421,.25,.19512194,.48648649,.3963964,.60000002,.56
16543,11674,5554,3781,1773,2590,2964,6201,4095,2106,2867,3334,5383,6290,5123,6551,.56829542,.51256454,.60757023,.57284439,.49192783,.37542278,.64562261,.58525348,.50179964,.45352465,PLFS_1920,July 2019 - June 2020,KERALA,.53118038,.47575811,.76072824,.70239645,.33481717,.281876,.50892991,.45245001,.55963302,.50556314
22889,17330,9649,6308,3340,5040,4609,10270,6720,3549,5315,4955,8468,8861,8287,9043,.58334959,.55855232,.54092264,.52320552,.66356719,.62843633,.72304797,.68833429,.43350151,.42209113,PLFS_1920,July 2019 - June 2020,TAMIL NADU,.59261394,.55678016,.79357582,.74492204,.40051913,.37693262,.54793763,.50967598,.641366,.60818148
1993,1456,721,480,241,189,532,782,515,267,207,575,692,764,341,1115,.33759591,.31410256,.34563106,.31712061,.32209739,.30827066,.44927537,.41262135,.2973913,.27874565,PLFS_1920,July 2019 - June 2020,PONDICHERRY,.53708792,.49519232,.74421966,.6936416,.34947643,.31544504,.5156951,.47713006,.60703814,.55425221
1748,1357,698,525,173,322,376,802,563,239,373,429,683,674,634,723,.3466334,.32743362,.39253998,.37722421,.23849373,.20524018,.4772118,.44808742,.23310024,.22352941,PLFS_1920,July 2019 - June 2020,A & N ISLANDS,.59100956,.5143699,.82430452,.76866764,.35459942,.25667655,.59336102,.52005535,.58832806,.50788641
9982,7679,4250,2741,1508,2185,2065,4618,3007,1610,2319,2299,3921,3756,3414,4265,.6190992,.61094093,.56900567,.56101638,.71242237,.70532322,.84648556,.83792049,.38973466,.38316527,PLFS_1920,July 2019 - June 2020,TELANGANA,.60138041,.5534575,.76689619,.69905639,.42864749,.40149096,.53903866,.48417351,.67926186,.64001173
14851,11001,5870,3979,1888,3812,2058,6295,4207,2085,3957,2338,5653,5344,6435,4566,.72962672,.58736718,.6976468,.60548013,.79376501,.50888193,.85089713,.68370163,.52437979,.45974383,PLFS_2021,July 2020 - June 2021,JAMMU & KASHMIR,.57222068,.53358787,.74420661,.70387405,.39015719,.35329342,.51204556,.45072272,.61491841,.59238541
264,198,120,72,48,69,51,125,74,51,71,54,101,97,103,95,.66399997,.42307693,.63513511,.47945204,.70588237,.29032257,.77464789,.4107143,.51851851,.4375,PLFS_2021,July 2020 - June 2021,LADAKH,.63131315,.60606062,.73267329,.71287131,.52577317,.49484536,.56842107,.53684211,.68932039,.66990292
7284,5119,3590,1958,1631,3107,483,3712,2040,1671,3192,520,2525,2593,4221,898,.81869614,.72112119,.75980395,.63778335,.89108318,.82858992,.88063908,.77484316,.43846154,.3976143,PLFS_2021,July 2020 - June 2021,HIMACHAL PRADESH,.72514164,.70130885,.80792081,.77544552,.6444273,.62900114,.57906461,.53786194,.75621891,.73608148
12997,9690,4758,3739,1019,2400,2358,5030,3933,1097,2525,2505,4965,4723,4774,4916,.58429426,.56247425,.57767606,.57146496,.60802186,.5243243,.72198021,.69548714,.44550899,.43525615,PLFS_2021,July 2020 - June 2021,PUNJAB,.51909184,.49102166,.79214501,.75307149,.23226763,.21575271,.50956064,.47965825,.52890658,.5027231
1347,1002,480,361,119,79,401,510,387,123,82,428,519,483,158,844,.26862746,.25838265,.30749354,.2997416,.14634146,.125,.24390244,.24390244,.27336448,.26117647,PLFS_2021,July 2020 - June 2021,CHANDIGARH,.50898206,.4790419,.74566472,.69556838,.25465837,.24637681,.50710899,.47511849,.51898736,.5
6954,5058,2477,1769,707,1529,948,2658,1913,744,1615,1043,2582,2473,2873,2185,.63957864,.62928706,.59644538,.59433961,.75,.7259475,.79566562,.78374922,.39789069,.39534885,PLFS_2021,July 2020 - June 2021,UTTARANCHAL,.52550417,.48971924,.74089855,.68512779,.30084917,.2858876,.47734553,.43386728,.56213015,.53219628
11483,8224,3707,3012,695,2037,1670,3993,3245,748,2168,1825,4347,3875,4420,3804,.57024795,.56094497,.56271183,.553599,.60294116,.59299189,.69557196,.68179715,.42136985,.41758242,PLFS_2021,July 2020 - June 2021,HARYANA,.48553017,.4507539,.74649185,.69289166,.19303226,.17935483,.47975814,.43901157,.49049774,.46085972
3840,2952,1270,1102,168,81,1189,1358,1174,184,85,1273,1608,1344,206,2746,.2599411,.25185186,.27001703,.26410258,.19565217,.17222223,.40000001,.40000001,.25058916,.24189724,PLFS_2021,July 2020 - June 2021,DELHI,.4600271,.43021679,.7300995,.68532336,.13690476,.125,.46358338,.43299344,.41262135,.39320388
20331,14593,7624,5154,2465,5243,2381,8062,5514,2542,5413,2649,7444,7139,8845,5748,.75700819,.72202891,.70420748,.67976499,.87136114,.83564359,.87954921,.8428455,.50660628,.49103662,PLFS_2021,July 2020 - June 2021,RAJASTHAN,.55245668,.52244228,.74073076,.6923697,.35607228,.34528646,.46085596,.41423103,.61198419,.59276426
42838,30415,14120,11047,3071,9670,4450,14748,11596,3150,9960,4788,15446,14965,19673,10742,.80207485,.76695728,.78354603,.7590223,.87015873,.80763984,.90813255,.87337774,.58145362,.56516159,PLFS_2021,July 2020 - June 2021,UTTAR PRADESH,.48489231,.4642446,.75074452,.71520132,.21049115,.20521216,.44572705,.41426179,.50627762,.49153662
20795,14480,5315,4695,620,3795,1520,5622,4984,638,3963,1659,7557,6917,10067,4413,.82817501,.82213366,.82985556,.82669884,.81504703,.78062159,.89301032,.88728398,.67329717,.66849148,PLFS_2021,July 2020 - June 2021,BIHAR,.38825968,.36705801,.65952098,.62127829,.092236519,.089634232,.37593475,.34443688,.39366245,.37697428
2568,2130,1432,861,571,925,507,1459,878,581,933,526,1104,1026,1246,884,.65113091,.58868712,.62984055,.55684453,.68330467,.63684213,.75455523,.6688453,.4676806,.44552529,PLFS_2021,July 2020 - June 2021,SIKKIM,.68497652,.67230046,.79528987,.77989131,.56627679,.55653024,.59502262,.57352942,.74879616,.74237561
7449,5524,2490,1853,636,1718,772,2686,1971,714,1815,871,2863,2660,3564,1960,.63440061,.61202389,.64028412,.61526716,.61764705,.6025281,.75757575,.72676992,.37772676,.37356323,PLFS_2021,July 2020 - June 2021,ARUNACHAL PRADESH,.48624185,.4507603,.68843871,.64722317,.26842105,.23909774,.44438776,.39387757,.50925928,.48204264
4154,3177,1481,960,521,947,534,1869,1191,678,1167,702,1608,1569,1807,1370,.50240773,.50133902,.45675904,.45500422,.58259588,.58259588,.58440447,.583691,.36609685,.36467236,PLFS_2021,July 2020 - June 2021,NAGALAND,.58829087,.46616304,.74067163,.5970149,.43212238,.33205864,.51240873,.38978103,.64582181,.52407306
10729,7760,3349,2465,881,1683,1666,3583,2634,946,1754,1829,3844,3913,3932,3828,.66201508,.66033518,.66059226,.66059226,.66490483,.65853661,.74401367,.74329722,.58337891,.58073342,PLFS_2021,July 2020 - June 2021,MANIPUR,.46172681,.43157217,.6852237,.64125913,.24175824,.22514695,.47779518,.43521422,.44608343,.42802644
6257,4881,2621,1665,956,942,1679,2718,1730,988,968,1750,2467,2414,1577,3304,.69389254,.67905778,.65144509,.63157892,.76821864,.76214576,.84710741,.83350569,.60914284,.5937143,PLFS_2021,July 2020 - June 2021,MIZORAM,.55685312,.53698015,.70125657,.67490882,.4092792,.39602318,.529661,.50817192,.61382371,.59733671
7114,5612,2873,2070,803,2039,834,3014,2168,846,2128,886,2777,2835,3785,1827,.72793627,.71731919,.74446493,.73293358,.68557918,.67730498,.80874062,.79840225,.53386003,.52257335,PLFS_2021,July 2020 - June 2021,TRIPURA,.53706342,.51193869,.7806986,.74540871,.29841271,.28324515,.48494801,.45648605,.56221926,.53870541
6213,4212,2338,1362,976,1677,661,2415,1404,1011,1702,713,2027,2185,2790,1422,.70144928,.68645877,.71225071,.70898718,.68644905,.65282214,.81433606,.7993865,.43197757,.4275668,PLFS_2021,July 2020 - June 2021,MEGHALAYA,.57336181,.55508071,.69264925,.67192894,.46270022,.44668192,.50140649,.46483827,.61003584,.60107529
14042,10761,5257,4081,1176,4092,1165,5554,4263,1291,4276,1278,5571,5188,8173,2588,.71317971,.67151493,.74032372,.71327686,.62354761,.50191206,.76941067,.72209847,.52503914,.50837988,PLFS_2021,July 2020 - June 2021,ASSAM,.51612306,.48852336,.76521271,.73254353,.24884349,.22667694,.49381763,.45015457,.52318609,.50067294
21853,17137,8781,6522,2258,4952,3829,9215,6873,2341,5159,4056,8658,8477,9284,7853,.67650568,.63043225,.6736505,.64532745,.68475008,.57075471,.79899204,.75418633,.52071005,.48004174,PLFS_2021,July 2020 - June 2021,WEST BENGAL,.53772539,.51240009,.7938323,.75329173,.27615902,.26636782,.51649052,.48758435,.55568719,.53339076
12334,8889,4819,3212,1606,3439,1380,5042,3409,1632,3517,1525,4516,4371,5602,3287,.80741769,.7425096,.76386034,.71237457,.89828432,.82854658,.92948538,.86965311,.52590162,.48571429,PLFS_2021,July 2020 - June 2021,JHARKHAND,.56721789,.54213071,.75487155,.71124887,.37336993,.36742166,.46394888,.41983572,.62781149,.61388791
15477,11947,6173,4365,1808,4765,1408,6633,4731,1902,5073,1560,6011,5934,8901,3046,.77219963,.73070842,.75100404,.71474224,.82492113,.77668715,.84348512,.80062503,.54038459,.5104987,PLFS_2021,July 2020 - June 2021,ORISSA,.55520213,.51669878,.78705704,.72616869,.3205258,.30468488,.51214707,.46224555,.56993598,.5353331
9668,7318,4441,2743,1698,3158,1283,4579,2843,1736,3216,1363,3722,3596,4684,2634,.77920943,.74755961,.72423494,.69542068,.86923963,.8400504,.897699,.86675334,.49963316,.47138554,PLFS_2021,July 2020 - June 2021,CHATTISGARH,.6257174,.6068598,.76383662,.73696935,.48275861,.47219133,.51746392,.48709187,.68659264,.67421007
21038,15753,8946,6214,2732,5873,3073,9182,6407,2775,5949,3233,8097,7655,9339,6414,.80538011,.76276809,.78070861,.74531478,.86234236,.81238616,.93377036,.89511925,.56913084,.53142297,PLFS_2021,July 2020 - June 2021,MADHYA PRADESH,.58287311,.56789184,.79128075,.76744473,.36250818,.35689092,.50405365,.47910821,.6370061,.62886816
15375,11750,6478,4644,1832,3753,2725,6628,4761,1865,3786,2842,6084,5662,6080,5670,.6579662,.62897301,.60344464,.58915383,.79678285,.7526316,.82065505,.79158372,.44123855,.42055392,PLFS_2021,July 2020 - June 2021,GUJARAT,.56408513,.55131912,.78254437,.76331359,.32938892,.32356057,.50123459,.48059964,.62269735,.61726975
1203,916,499,374,125,251,248,524,395,129,265,259,498,418,426,490,.36450383,.25819671,.29620254,.23857868,.57364339,.34042552,.49056605,.33474576,.23552124,.18650794,PLFS_2021,July 2020 - June 2021,D & N. HAVELI & DAMAN & DIU,.57205242,.54475981,.79317272,.75100404,.30861244,.29904306,.52857143,.50612247,.62206572,.58920187
29539,22012,11950,8274,3676,6599,5351,12466,8671,3795,6743,5723,11246,10764,10662,11350,.66035616,.64860934,.62472612,.611691,.7417655,.7335825,.86133766,.84510624,.42355409,.41769257,PLFS_2021,July 2020 - June 2021,MAHARASHTRA,.56632745,.54288572,.77102971,.73572826,.3525641,.34150875,.50422907,.47145376,.63243294,.618927
14102,10969,6272,4014,2256,3830,2442,6611,4252,2357,3971,2640,5476,5491,5977,4992,.68673426,.66789383,.6460489,.62763691,.76028848,.7419495,.83228403,.81119961,.46780303,.45544556,PLFS_2021,July 2020 - June 2021,ANDHRA PRADESH,.6026985,.57179326,.77647918,.73301679,.42924786,.41085413,.52884614,.48918268,.66438013,.64078969
15875,12017,6567,4534,2032,3383,3184,6784,4694,2089,3457,3327,5967,6048,5586,6431,.67054832,.65867543,.65274817,.64230603,.71086645,.69706029,.86201906,.84831458,.47159603,.46385175,PLFS_2021,July 2020 - June 2021,KARNATAKA,.56453359,.54647583,.78665996,.75984579,.34540343,.33597884,.51733792,.49510184,.61886859,.60562122
1687,1270,589,434,155,271,318,661,480,181,299,362,646,624,537,733,.39183056,.36280489,.38541666,.34663865,.40883979,.40555555,.4749164,.42033899,.32320443,.31578946,PLFS_2021,July 2020 - June 2021,GOA,.52047247,.46377954,.74303406,.6718266,.2900641,.24839744,.49386084,.43383357,.55679703,.50465548
406,282,121,103,18,39,82,140,110,30,42,98,139,143,82,200,.39285713,.38129497,.45454547,.44036698,.16666667,.16666667,.5714286,.5714286,.31632653,.29896906,PLFS_2021,July 2020 - June 2021,LAKSHDWEEP,.49645391,.42907801,.79136693,.74100721,.20979021,.12587413,.49000001,.41,.51219511,.47560975
16648,11851,5625,3756,1867,2762,2863,6278,4071,2204,3023,3255,5515,6330,5374,6477,.58314753,.52774924,.62736428,.5903976,.50136119,.39106753,.67648029,.61321777,.49646696,.45063537,PLFS_2021,July 2020 - June 2021,KERALA,.52974433,.4746435,.73816866,.68105167,.34818324,.2949447,.5025475,.44202563,.56252325,.51395607
22929,17603,10033,6362,3666,5347,4686,10626,6730,3891,5606,5020,8576,9021,8473,9130,.60493129,.57609433,.56701338,.54295123,.67103571,.63708359,.74545133,.70908755,.44800797,.4301925,PLFS_2021,July 2020 - June 2021,TAMIL NADU,.60364711,.56995964,.78474814,.74183768,.4313269,.40638509,.54983568,.51325303,.66163105,.6310634
2019,1515,756,522,234,207,549,813,561,252,218,595,723,792,371,1144,.38253382,.35345912,.38680926,.35892856,.37301588,.34042552,.59174311,.54066986,.30588236,.28668943,PLFS_2021,July 2020 - June 2021,PONDICHERRY,.53663367,.49900991,.77593362,.72199172,.31818181,.29545453,.52010489,.47989511,.58760107,.55795151
1516,1201,659,459,200,292,367,737,485,251,324,413,606,594,491,710,.5305292,.46639231,.54020619,.47520661,.51394421,.45081967,.73456788,.65420562,.37046006,.31862745,PLFS_2021,July 2020 - June 2021,A & N ISLANDS,.61365527,.54870939,.80033004,.75742573,.42255893,.33670035,.58169013,.51690143,.65987778,.59470469
10226,7924,4474,2866,1606,2395,2079,4750,3044,1704,2481,2269,3982,3940,3638,4286,.67494738,.66341668,.63272011,.62046206,.75058687,.74080664,.87948406,.8669911,.45130014,.44049734,PLFS_2021,July 2020 - June 2021,TELANGANA,.59944475,.56461382,.76444,.71973884,.43248731,.4076142,.52939802,.48506767,.68196809,.65832877
14505,10679,5846,3966,1880,3850,1996,6267,4142,2125,3984,2283,5497,5181,6258,4421,.73033351,.58457267,.70352489,.60591745,.78258824,.50048971,.85190761,.6803419,.51817781,.45231351,PLFS_2122,July 2021 - June 2022,JAMMU & KASHMIR,.58685273,.54742956,.75350189,.72148442,.41015249,.36286432,.51639903,.45148155,.63662511,.6152125
7344,5191,3838,2070,1768,3333,505,3989,2166,1823,3435,554,2552,2639,4279,912,.80997741,.71291494,.74653739,.62834352,.8853538,.81739128,.87802041,.77338564,.38808665,.34317344,PLFS_2122,July 2021 - June 2022,HIMACHAL PRADESH,.76844537,.73935658,.84874606,.8111285,.69079196,.66995072,.60745615,.55372804,.80275768,.77892029
12925,9670,4840,3773,1067,2505,2335,5148,3991,1157,2651,2497,5057,4613,4931,4739,.57556331,.56325722,.59133047,.58383536,.52117544,.48525214,.70237648,.68987095,.44092911,.43260694,PLFS_2122,July 2021 - June 2022,PUNJAB,.53236812,.50051707,.78920311,.74609452,.25081292,.23130284,.5269044,.49271998,.53761917,.50801057
1373,1038,468,389,79,82,386,497,410,87,87,410,548,489,161,877,.30985916,.30122951,.31463414,.30445546,.28735632,.2857143,.25287357,.24418604,.32195121,.31343284,PLFS_2122,July 2021 - June 2022,CHANDIGARH,.47880539,.45086706,.7481752,.70985401,.17791411,.16155419,.46750286,.44013682,.54037267,.50931674
6960,5068,2496,1760,736,1554,942,2704,1911,793,1644,1060,2576,2492,2837,2231,.64423078,.60644913,.60544217,.5768823,.73770493,.6875,.76885647,.72491908,.45094341,.42857143,PLFS_2122,July 2021 - June 2022,UTTARANCHAL,.53354383,.49250197,.74184781,.6832298,.31821829,.2953451,.47512326,.42223218,.57948536,.54776174
11716,8390,3682,3006,676,1962,1720,4035,3295,740,2154,1881,4414,3975,4474,3916,.53655517,.52475739,.52291352,.51094222,.59729731,.58710563,.67409474,.65654206,.37905368,.37466738,PLFS_2122,July 2021 - June 2022,HARYANA,.48092967,.43885577,.74648845,.68101496,.18616351,.1700629,.48033708,.43922371,.48144838,.43853375
3651,2787,1188,1035,153,80,1108,1260,1098,162,81,1179,1493,1294,177,2610,.27619049,.27649403,.2859745,.28675801,.20987654,.20625,.27160493,.27160493,.2765055,.27683136,PLFS_2122,July 2021 - June 2022,DELHI,.45209903,.42626479,.73543203,.6932351,.12519319,.11823802,.45172414,.42452106,.45762712,.4519774
20241,14596,7795,5214,2581,5271,2524,8234,5571,2663,5439,2795,7457,7139,8801,5795,.7526111,.71942908,.69125831,.66253871,.8809613,.85608047,.8777349,.8414368,.50912344,.49488679,PLFS_2122,July 2021 - June 2022,RAJASTHAN,.56412715,.53405041,.74708331,.6992088,.37302142,.36153522,.48231235,.43554789,.61799794,.5989092
43735,30652,14878,11309,3569,10386,4492,15419,11773,3646,10597,4822,15353,15297,19938,10714,.82638305,.78814667,.80625159,.77941561,.89138782,.82952183,.92110974,.88685018,.61820823,.59362894,PLFS_2122,July 2021 - June 2022,UTTAR PRADESH,.50303406,.48538432,.76682079,.73659873,.23834738,.23331372,.45006534,.41926453,.53149766,.52091485
22712,15169,5718,5054,664,4079,1639,6108,5403,705,4309,1799,7775,7394,10741,4428,.7946955,.78542644,.80066627,.79523897,.74893618,.69430053,.85936409,.85011935,.63979989,.63193655,PLFS_2122,July 2021 - June 2022,BIHAR,.40266332,.37695301,.69491959,.65003216,.095347576,.089802541,.40627822,.37014455,.40117308,.37975979
2771,2206,1468,871,597,1016,452,1499,886,613,1034,465,1104,1101,1395,811,.59906602,.54434663,.5699774,.51025057,.64110929,.59432387,.6760155,.60629922,.427957,.40780911,PLFS_2122,July 2021 - June 2022,SIKKIM,.67951041,.66545784,.80253625,.78894925,.55676657,.54223436,.57336622,.55733663,.74121863,.72831541
7909,5875,2643,1887,756,1831,812,2891,2045,846,1956,935,3033,2842,3806,2069,.64960223,.62973255,.63031787,.60882354,.69621748,.68057209,.7658487,.74075973,.4064171,.39742213,PLFS_2122,July 2021 - June 2022,ARUNACHAL PRADESH,.4920851,.44987234,.67424995,.62215626,.2976777,.26600984,.45190912,.39246014,.51392537,.4810825
4491,3099,1751,1111,640,1127,624,1945,1221,724,1224,721,1569,1530,1768,1331,.64781493,.59305483,.5945946,.55848438,.73756903,.6597774,.72140521,.66493505,.52288491,.47238371,PLFS_2122,July 2021 - June 2022,NAGALAND,.62762183,.56502098,.77820265,.7080943,.47320262,.41830066,.54169798,.46882042,.69230771,.63744342
11679,8034,3503,2621,879,1797,1706,3757,2789,965,1923,1834,4009,4022,4167,3867,.69496942,.68958169,.68339908,.67718792,.72746116,.72453225,.76339054,.75845915,.62322789,.61735809,PLFS_2122,July 2021 - June 2022,MANIPUR,.46763754,.43602189,.69568473,.65377897,.23993038,.21854798,.47426945,.44116887,.46148309,.43124551
7116,5206,2588,1773,815,950,1638,2736,1847,889,985,1751,2652,2554,1748,3458,.69005847,.67141813,.66973472,.64320523,.73228347,.73003376,.84162438,.8243655,.60479724,.58537978,PLFS_2122,July 2021 - June 2022,MIZORAM,.52554744,.49711871,.69645548,.66855204,.34808144,.31910729,.50636208,.47368422,.56350112,.54347825
7247,5705,2799,2132,666,1977,822,2919,2225,693,2053,866,2883,2821,3910,1795,.70846182,.69612879,.71955055,.70696628,.67388165,.66233766,.78567952,.77301508,.52540416,.51385683,PLFS_2122,July 2021 - June 2022,TRIPURA,.51165646,.49062225,.77176553,.73950744,.24565756,.23608649,.48245126,.45793873,.52506393,.50562662
6294,4244,2336,1416,920,1682,654,2447,1467,980,1720,727,2080,2164,2842,1402,.68451166,.67512476,.70892978,.70628417,.64795917,.62659574,.7982558,.79010135,.41540578,.40990371,PLFS_2122,July 2021 - June 2022,MEGHALAYA,.57657868,.5504241,.70528847,.68076921,.45286506,.42513862,.51854491,.46647647,.60520762,.59183675
16341,12045,6088,4609,1479,4871,1217,6439,4831,1608,5097,1342,6141,5904,9338,2707,.73318839,.68798417,.74477333,.71246874,.69838309,.59559405,.79497743,.74568421,.49850968,.47987852,PLFS_2122,July 2021 - June 2022,ASSAM,.53457868,.50543797,.78667969,.75052923,.27235773,.25050813,.49575177,.44957519,.54583424,.52163202
23738,18475,9626,7215,2409,5491,4135,10037,7558,2477,5671,4366,9359,9114,10175,8300,.67141575,.62520474,.65771365,.63078159,.71336293,.60082549,.80021161,.75164837,.50412279,.47278419,PLFS_2122,July 2021 - June 2022,WEST BENGAL,.5432747,.5210284,.80756491,.77091569,.27177969,.26431865,.5260241,.49819276,.55734646,.53965604
12533,8948,5166,3384,1782,3703,1463,5303,3498,1805,3742,1561,4480,4468,5610,3338,.80595887,.72415382,.7567181,.70024055,.90138507,.80235988,.9166221,.83906847,.54067904,.49863574,PLFS_2122,July 2021 - June 2022,JHARKHAND,.59264642,.57733572,.78080356,.75535715,.40398389,.39883617,.46764529,.43828639,.66702318,.66007131
16073,11988,6200,4388,1812,4820,1380,6673,4748,1925,5122,1551,5944,6043,8931,3057,.74868876,.68551999,.71566975,.67115098,.83012986,.73551261,.83131588,.76747751,.47582206,.43042293,PLFS_2122,July 2021 - June 2022,ORISSA,.55663997,.51718384,.79878867,.73822343,.31855038,.29985106,.50736016,.45142296,.57350802,.53969318
9907,7344,4567,2829,1738,3239,1328,4723,2939,1784,3291,1432,3640,3704,4743,2601,.7579928,.71697694,.71180671,.67519003,.8340807,.79171818,.90246123,.86018044,.42597765,.40127841,PLFS_2122,July 2021 - June 2022,CHATTISGARH,.64311004,.62186819,.80741757,.77719778,.48164147,.46922246,.55055749,.51057285,.69386464,.68290114
21480,16029,9276,6438,2838,6237,3039,9496,6622,2874,6319,3177,8298,7731,9751,6278,.80318028,.75106567,.76955605,.73858148,.88065416,.79565704,.93100172,.89203131,.54894555,.50335795,PLFS_2122,July 2021 - June 2022,MADHYA PRADESH,.59242624,.57870108,.79802364,.77584958,.37175009,.36709353,.50605291,.48407137,.64803612,.63962668
15974,12046,6804,4865,1939,3929,2875,6956,4982,1974,3981,2975,6244,5802,6195,5851,.65669924,.62313998,.59554398,.57821625,.81104356,.76096356,.81009799,.77367705,.45142856,.43192002,PLFS_2122,July 2021 - June 2022,GUJARAT,.57745308,.56483477,.79788595,.77914798,.34022751,.33419511,.5084601,.49136901,.64261502,.63422114
1249,968,612,415,197,318,294,640,431,209,335,305,523,445,450,518,.40625,.28341386,.29698375,.18372093,.63157892,.50785339,.63283581,.43613708,.15737705,.12,PLFS_2122,July 2021 - June 2022,D & N. HAVELI & DAMAN & DIU,.66115701,.63223141,.82409179,.79349905,.46966293,.44269663,.58880311,.56756759,.74444443,.70666665
31957,23578,13366,9123,4242,6999,6367,13841,9485,4355,7149,6692,12082,11494,10944,12634,.63860995,.62118202,.59915656,.58198637,.72445464,.70923001,.85466498,.83516955,.40780035,.39451349,PLFS_2122,July 2021 - June 2022,MAHARASHTRA,.58703029,.5668844,.78505212,.75509024,.37889335,.36906213,.5296818,.50395757,.65323466,.63952851
13661,10517,6075,3936,2138,3886,2189,6402,4162,2239,4031,2371,5196,5320,5953,4564,.67791313,.64954245,.63527149,.60689992,.75703436,.73248106,.8144381,.78354758,.44580346,.42667806,PLFS_2122,July 2021 - June 2022,ANDHRA PRADESH,.60872871,.57763618,.80100077,.75750577,.42086467,.4018797,.51950043,.47962314,.67713755,.65278012
16065,11988,6466,4608,1858,3380,3086,6718,4800,1918,3463,3255,6047,5941,5643,6345,.64543021,.63009548,.63333333,.61947644,.67570388,.65789473,.83107132,.81470501,.44792625,.43707377,PLFS_2122,July 2021 - June 2022,KARNATAKA,.56039375,.53937268,.79378206,.76203078,.32284129,.31274197,.51300234,.48636723,.61368066,.5989722
1685,1245,551,431,120,252,299,626,479,147,287,339,618,627,567,678,.36261982,.33977455,.36743215,.34171909,.34693879,.33333334,.45296168,.41696113,.2861357,.27514791,PLFS_2122,July 2021 - June 2022,GOA,.50281125,.44257027,.77508092,.697411,.23444976,.19138756,.5,.44100294,.50617284,.44444445
785,577,223,192,31,76,147,272,224,48,88,184,289,288,183,394,.375,.36666667,.41964287,.41517857,.16666667,.13043478,.42045453,.40229884,.35326087,.34972677,PLFS_2122,July 2021 - June 2022,LAKSHDWEEP,.47140381,.38648179,.77508652,.66435987,.16666667,.10763889,.46700507,.37309644,.48087433,.41530055
16294,11377,5813,3817,1996,2697,3116,6481,4144,2337,2944,3537,5349,6028,4983,6394,.57645422,.50408995,.60714287,.56102997,.52203679,.37834883,.65149456,.57378304,.51399493,.44829702,PLFS_2122,July 2021 - June 2022,KERALA,.5696581,.51094311,.77472425,.71359134,.38769078,.33112144,.55317485,.48733187,.59080875,.54124022
23098,17385,9846,6375,3470,5311,4535,10410,6777,3632,5559,4851,8578,8804,8469,8916,.62007684,.5898248,.57326251,.54722887,.7075991,.67433625,.76272708,.7256521,.45660689,.43820694,PLFS_2122,July 2021 - June 2022,TAMIL NADU,.59879208,.56635028,.79004431,.74318022,.41253975,.39413902,.54407805,.50863618,.65639389,.62711066
1977,1482,766,512,254,212,554,806,542,264,223,583,707,774,339,1143,.38585609,.35301667,.35608855,.32710281,.44696969,.40983605,.58744395,.52380955,.30874786,.28998244,PLFS_2122,July 2021 - June 2022,PONDICHERRY,.54385966,.51686907,.7666195,.72418672,.34108528,.32816538,.51006126,.48468941,.65781713,.62536871
1489,1158,691,470,221,337,354,755,494,261,357,398,591,567,507,651,.60397351,.53250349,.597166,.53643727,.61685824,.52401745,.78151262,.66972476,.44472361,.41919193,PLFS_2122,July 2021 - June 2022,A & N ISLANDS,.65198618,.59671849,.8358714,.79526228,.46031746,.38977072,.61136711,.54377878,.70414203,.66469431
10420,7880,4511,2933,1578,2433,2078,4747,3082,1665,2496,2251,3959,3921,3623,4257,.67031807,.64371514,.63075924,.59861934,.74354357,.72839504,.89623398,.86177194,.41981342,.40467626,PLFS_2122,July 2021 - June 2022,TELANGANA,.60241115,.5724619,.7784794,.74084365,.42463657,.40244836,.52877611,.48813719,.68893182,.67154294
1130,826,422,266,156,249,173,456,290,166,259,197,419,407,432,394,.67105263,.54166669,.65172416,.56227756,.70481926,.48543689,.81467181,.63076925,.48223349,.44973546,PLFS_2122,July 2021 - June 2022,LADAKH,.5520581,.51089591,.69212413,.63484484,.4078624,.38329238,.5,.43908629,.59953701,.5763889
14549,10462,6056,3929,2127,4066,1990,6396,4066,2330,4184,2212,5350,5112,6244,4218,.7476548,.60773158,.70929658,.61137801,.8145923,.595092,.87260991,.71442556,.51130199,.44685039,PLFS_2223,July 2022 - June 2023,JAMMU & KASHMIR,.61135536,.57885683,.75999999,.73439252,.45579031,.41607982,.52441913,.47178757,.67008328,.65118515
6997,4948,3726,1944,1782,3283,443,3892,2015,1877,3373,519,2375,2573,4100,848,.81654674,.67887169,.76823819,.59721506,.86840701,.76945078,.89208418,.74370277,.32562619,.27592954,PLFS_2223,July 2022 - June 2023,HIMACHAL PRADESH,.78658044,.75303155,.84842104,.81852633,.72949862,.69257677,.6120283,.52240568,.82268292,.80073172
12909,9528,4916,3695,1220,2529,2387,5252,3915,1336,2698,2554,4894,4633,4753,4775,.55331302,.53442562,.55555558,.5436396,.54640716,.50451189,.68383986,.65794533,.41542679,.4074367,PLFS_2223,July 2022 - June 2023,PUNJAB,.55121744,.515953,.79995912,.75500613,.28836608,.26332828,.53486913,.49989527,.5676415,.532085
1305,981,487,373,113,86,401,506,388,117,88,418,512,468,156,825,.23715416,.22244489,.2371134,.22597402,.23931624,.21238938,.28409091,.27586207,.22727273,.21116506,PLFS_2223,July 2022 - June 2023,CHANDIGARH,.51580018,.49643221,.7578125,.72851563,.25,.24145299,.50666666,.48606062,.56410259,.55128205
6840,4950,2608,1769,839,1642,966,2740,1868,872,1703,1037,2484,2466,2748,2202,.69671535,.63094246,.64668095,.61372441,.80389911,.68358713,.82853788,.75143677,.48023143,.46421471,PLFS_2223,July 2022 - June 2023,UTTARANCHAL,.55353534,.5268687,.75201291,.71215779,.35360909,.3402271,.47093552,.43869209,.61972344,.59752548
11396,8127,3772,3014,758,2044,1728,4011,3208,803,2163,1848,4263,3864,4366,3761,.49962604,.48182735,.47817954,.46339175,.58530509,.55874676,.63199258,.60581887,.34469697,.33752048,PLFS_2223,July 2022 - June 2023,HARYANA,.49354005,.46413189,.75252169,.70701385,.20781574,.19616978,.49135867,.45945227,.49541914,.46816307
3538,2718,1195,1029,166,68,1127,1222,1051,171,71,1151,1437,1281,159,2559,.33224222,.32782823,.33206469,.32727271,.33333334,.33132529,.49295774,.46478873,.32232842,.31929824,PLFS_2223,July 2022 - June 2023,DELHI,.4495953,.4396615,.73138481,.71607518,.13348946,.12958626,.44978508,.44040641,.44654089,.42767295
20002,14378,8080,5175,2904,5493,2587,8503,5489,3013,5674,2829,7307,7063,8724,5654,.75855583,.70962048,.69447988,.64941049,.87520742,.84012789,.89213961,.8359133,.49063274,.47339848,PLFS_2223,July 2022 - June 2023,RAJASTHAN,.5913896,.5619697,.75119746,.70822501,.42658928,.41115674,.50035375,.45755216,.65038973,.62964237
42853,29951,15537,11317,4220,10951,4586,16022,11708,4313,11141,4881,14922,15028,19207,10744,.81693923,.77005541,.78672701,.75530124,.89914215,.83365053,.91616553,.87174219,.59045279,.56792778,PLFS_2223,July 2022 - June 2023,UTTAR PRADESH,.53494042,.51874727,.78461331,.75841039,.28699762,.28080916,.45430008,.4268429,.58004892,.57015669
21865,14607,6517,5130,1387,4840,1677,6840,5415,1425,5008,1832,7519,7088,10327,4280,.83011699,.80461067,.81588179,.80289638,.88421053,.81489843,.89796329,.87494367,.64465064,.62776202,PLFS_2223,July 2022 - June 2023,BIHAR,.46826863,.44615597,.72017556,.6822716,.20104402,.19568284,.42803738,.39182243,.48494238,.46867436
2576,2069,1446,854,592,1015,431,1488,873,615,1032,456,1065,1004,1297,772,.69623655,.59533608,.66666669,.55204678,.73821139,.65671641,.81201553,.67725921,.43421054,.41241685,PLFS_2223,July 2022 - June 2023,SIKKIM,.71918803,.69888836,.8197183,.80187792,.61254978,.58964145,.59067357,.55829018,.79568237,.78257519
7814,5801,3574,2144,1430,2590,984,3793,2268,1525,2689,1104,2973,2828,3802,1999,.74980229,.67790568,.69576722,.60915333,.83016396,.78058785,.84380811,.76662779,.52083331,.46610957,PLFS_2223,July 2022 - June 2023,ARUNACHAL PRADESH,.65385276,.61610067,.76286578,.72115707,.53925037,.50565773,.55227613,.49224612,.70725936,.68122041
4342,2889,1941,1106,835,1242,699,2062,1180,882,1286,776,1471,1418,1626,1263,.70659554,.64040923,.62542373,.56126821,.81519276,.7576142,.81337482,.75061327,.52963918,.45628417,PLFS_2223,July 2022 - June 2023,NAGALAND,.71374178,.67185879,.8021754,.7518695,.62200284,.58885753,.61441016,.55344421,.79089791,.76383764
9621,6622,3329,2259,1069,1712,1617,3508,2387,1120,1799,1709,3304,3317,3338,3284,.71978337,.71086401,.68412232,.67476946,.79553574,.78750002,.77987772,.77141267,.6565243,.64716208,PLFS_2223,July 2022 - June 2023,MANIPUR,.52974933,.50271821,.72245765,.68371671,.3376545,.32227916,.52040195,.49238732,.5389455,.51288199
6981,4921,2814,1719,1095,1032,1782,2873,1745,1128,1042,1831,2503,2418,1677,3244,.75948489,.70926183,.71747851,.65616047,.82446808,.79148179,.88675624,.83189243,.68705624,.63954121,PLFS_2223,July 2022 - June 2023,MIZORAM,.5838244,.57183498,.6971634,.68677586,.46650124,.45285359,.56442666,.54932183,.62134767,.61538464
7099,5600,3056,2115,941,2138,918,3146,2182,964,2182,964,2843,2757,3764,1836,.74348378,.72069746,.72960585,.71179438,.77489626,.74183005,.80980754,.78677839,.59336102,.57112747,PLFS_2223,July 2022 - June 2023,TRIPURA,.5617857,.54571426,.76749915,.74393249,.34965542,.34131303,.52505445,.5,.57970244,.56801277
6181,4100,2498,1407,1091,1843,655,2704,1482,1222,1957,747,1978,2122,2794,1306,.69378698,.68102491,.71457487,.71109605,.66857612,.64444447,.80889118,.79497695,.39223561,.38140163,PLFS_2223,July 2022 - June 2023,MEGHALAYA,.65951222,.60926831,.74924165,.71132457,.57587183,.51413763,.57197547,.50153142,.7004295,.6596278
15481,11497,6760,4528,2232,5465,1295,7035,4679,2356,5639,1396,5837,5660,8925,2572,.76488984,.67154574,.73883307,.68424463,.81663835,.63459122,.82887036,.72851604,.50644702,.45978755,PLFS_2223,July 2022 - June 2023,ASSAM,.61189878,.5879795,.80161041,.77574098,.41625443,.3943463,.5427683,.50349921,.63182074,.61232495
24846,19086,10496,7570,2926,6045,4451,10843,7807,3036,6179,4664,9572,9514,10382,8704,.68126905,.62483436,.66017675,.6276775,.73550725,.61443496,.8281275,.77135444,.4867067,.44560289,PLFS_2223,July 2022 - June 2023,WEST BENGAL,.56811273,.54993188,.81560802,.79084831,.31910869,.30754676,.53584558,.51137406,.59516472,.58225775
12378,8626,4950,3203,1747,3561,1389,5074,3304,1770,3587,1487,4246,4380,5380,3246,.82696098,.73490614,.77572638,.71092492,.9225989,.82359952,.93420684,.84976709,.56825823,.51830161,PLFS_2223,July 2022 - June 2023,JHARKHAND,.58822167,.57384652,.77814412,.75435704,.4041096,.39885846,.45810229,.42791128,.66672862,.66189593
15528,11513,6737,4323,2414,5298,1439,7063,4570,2493,5510,1553,5694,5819,8576,2937,.7733258,.68883413,.72560173,.66315556,.86081028,.75921375,.85735029,.77409637,.47520927,.41400832,PLFS_2223,July 2022 - June 2023,ORISSA,.61348039,.58516461,.80259925,.75922024,.42842412,.41484791,.52877086,.48995572,.64249068,.61777049
9656,7238,4805,2876,1929,3439,1366,4978,2994,1984,3497,1481,3609,3629,4615,2623,.77340299,.72224557,.7291249,.6734134,.84022176,.79956543,.91278237,.85610861,.44429439,.41429561,PLFS_2223,July 2022 - June 2023,CHATTISGARH,.68775904,.6638574,.8295927,.79689664,.54670709,.53155142,.56462067,.52077776,.75774646,.74517876
20925,15677,9504,6487,3017,6477,3027,9693,6629,3064,6520,3173,8089,7587,9403,6274,.79830807,.71805274,.76074821,.70900989,.87956917,.75342464,.93036813,.86276084,.52694613,.46969697,PLFS_2223,July 2022 - June 2023,MADHYA PRADESH,.6182943,.60623842,.81950796,.80195326,.40384868,.39765388,.50573796,.48246732,.69339573,.68882269
15984,12013,7300,4939,2361,4150,3150,7456,5058,2398,4206,3250,6187,5826,6042,5971,.64860517,.61256027,.58105969,.55789894,.79107589,.74802762,.82501191,.78164154,.4203077,.40216354,PLFS_2223,July 2022 - June 2023,GUJARAT,.62066096,.60767502,.81752062,.79828674,.41160315,.40525231,.54429746,.5275498,.69612712,.68685865
1250,936,601,429,172,310,291,617,436,181,320,297,503,433,444,492,.43273905,.35889071,.33027524,.25057471,.67955804,.62359548,.61874998,.49683544,.23232323,.21212122,PLFS_2223,July 2022 - June 2023,D & N. HAVELI & DAMAN & DIU,.65918803,.64209402,.86679918,.85288268,.41801387,.39722863,.60365856,.59146339,.72072071,.6981982
31080,23029,13524,9017,4507,7248,6276,13962,9340,4622,7393,6569,11786,11243,10771,12258,.62534022,.60612214,.57783729,.55657327,.72133273,.7081669,.85229272,.82903755,.36991933,.35566851,PLFS_2223,July 2022 - June 2023,MAHARASHTRA,.60627902,.58725953,.79246563,.76506025,.41110024,.40087166,.53589493,.51199216,.68638009,.67291802
13656,10586,6202,3925,2276,3866,2336,6507,4134,2372,4004,2503,5255,5329,5886,4700,.6783464,.64731723,.63691342,.60399413,.75042158,.72562855,.81218779,.77789176,.46424291,.44161615,PLFS_2223,July 2022 - June 2023,ANDHRA PRADESH,.61467975,.58586812,.78667933,.74690771,.44511166,.42709702,.5325532,.49702129,.68025821,.65681279
15571,11803,6615,4471,2144,3408,3207,6822,4618,2204,3471,3351,5986,5817,5515,6288,.65347403,.63803679,.63988739,.62502718,.68194193,.66666669,.84528953,.82914573,.45478961,.44212121,PLFS_2223,July 2022 - June 2023,KARNATAKA,.57798862,.56045073,.77146673,.74690944,.37888947,.36857486,.53291982,.51001906,.62937444,.61795104
1642,1226,601,437,164,248,353,663,477,186,272,391,616,610,527,699,.34238312,.323217,.35639414,.33894736,.30645162,.28260869,.4227941,.40148699,.28644502,.26923078,PLFS_2223,July 2022 - June 2023,GOA,.54078305,.49021208,.77435064,.70941556,.30491802,.26885247,.55937052,.50500715,.51612902,.47058824
799,551,219,165,54,74,145,243,181,62,81,162,249,302,157,394,.49794239,.4618834,.519337,.50837988,.43548387,.27272728,.48148149,.4556962,.50617284,.46527779,PLFS_2223,July 2022 - June 2023,LAKSHDWEEP,.44101635,.39745918,.72690761,.66265059,.20529801,.17880794,.4111675,.3680203,.51592356,.47133759
15837,11062,5821,3766,2055,2790,3031,6298,3967,2331,2966,3332,5115,5947,4973,6089,.55652589,.48861647,.5873456,.54363638,.50407553,.37473118,.65239382,.59085757,.47118849,.40026119,PLFS_2223,July 2022 - June 2023,KERALA,.56933647,.52621585,.77556205,.7362659,.39196232,.34555238,.5472163,.49778289,.59642065,.56102955
23059,17398,9746,6368,3378,5264,4482,10207,6641,3566,5455,4752,8600,8798,8411,8987,.59390616,.55450958,.54253876,.51614368,.68956816,.63162708,.74482125,.69384998,.420665,.40046889,PLFS_2223,July 2022 - June 2023,TAMIL NADU,.58667666,.56017935,.77220929,.7404651,.40531939,.38395089,.52876377,.49872038,.64855546,.6258471
1946,1447,743,493,250,216,527,785,520,265,226,559,666,781,343,1104,.37707007,.33725491,.38076922,.33075434,.36981133,.35080644,.57522124,.51173711,.29695886,.26992753,PLFS_2223,July 2022 - June 2023,PONDICHERRY,.54250175,.51347613,.78078079,.74024022,.33930859,.32010242,.50634056,.47735506,.65889215,.62973762
1649,1295,778,524,254,424,354,863,549,314,450,413,653,642,646,649,.46234068,.39003646,.46812385,.39814815,.45222929,.3745583,.63999999,.53809524,.26876512,.235732,PLFS_2223,July 2022 - June 2023,A & N ISLANDS,.66640925,.6007722,.84073508,.80245024,.48909658,.39563861,.63636363,.54545456,.69659442,.65634674
10211,7746,4408,2830,1578,2420,1988,4643,2996,1647,2487,2156,3913,3833,3561,4185,.65517986,.61636603,.59512681,.54918587,.76442015,.74030036,.87856853,.82648402,.39749536,.37950397,PLFS_2223,July 2022 - June 2023,TELANGANA,.59940612,.5690679,.76565295,.72323024,.42968953,.41168797,.51517326,.47502986,.69839931,.67958438
1146,821,480,289,191,307,173,518,310,208,323,195,439,382,481,340,.69305021,.58114034,.64193547,.56065571,.76923078,.62251657,.84210527,.71641791,.44615385,.38829789,PLFS_2223,July 2022 - June 2023,LADAKH,.63093787,.58465284,.70615035,.65831435,.54450262,.5,.57352942,.50882351,.67151767,.63825363
14242,10186,6120,3920,2200,4020,2100,6521,4062,2459,4163,2358,5249,4937,5984,4202,.7454378,.60568792,.71245694,.61495566,.79991865,.57664812,.86259907,.70336491,.53859204,.46616891,PLFS_2324,July 2023 - June 2024,JAMMU & KASHMIR,.64019245,.60082465,.77386171,.74680889,.49807575,.44561476,.56116134,.49976203,.69568849,.67179143
6966,5013,3726,1999,1727,3205,521,3880,2060,1820,3306,574,2460,2553,4126,887,.80309278,.6829136,.74757284,.6026026,.86593407,.7775811,.88384753,.74823833,.33797911,.3257443,PLFS_2324,July 2023 - June 2024,HIMACHAL PRADESH,.77398765,.74326748,.83739835,.81260163,.71288681,.67645907,.64712512,.5873732,.80126029,.77678138
12751,9364,5015,3709,1306,2601,2414,5289,3900,1389,2729,2560,4797,4567,4595,4769,.56513518,.5427683,.55974358,.54695135,.58027357,.52983296,.69659215,.66806722,.42500001,.41290578,PLFS_2324,July 2023 - June 2024,PUNJAB,.56482273,.53556174,.81300813,.77319157,.30413839,.28596452,.53680015,.50618577,.5939064,.56605005
1252,922,506,374,132,0,506,540,388,152,0,540,482,440,0,922,.21111111,.19288389,.25,.23116884,.1118421,.093959734,,,.21111111,.19288389,PLFS_2324,July 2023 - June 2024,CHANDIGARH,.58568329,.54880697,.80497926,.77593362,.34545454,.30000001,.58568329,.54880697,,
6684,4822,2805,1788,1017,1749,1056,2919,1858,1061,1795,1124,2373,2449,2649,2173,.68756425,.61748636,.63240045,.5937674,.78416586,.67320263,.82785517,.75151515,.46352312,.43268338,PLFS_2324,July 2023 - June 2024,UTTARANCHAL,.60535049,.58170885,.78297514,.75347662,.43323806,.41527155,.51725727,.48596412,.67761421,.66024917
10787,7768,3860,2971,889,2107,1753,4008,3096,912,2171,1837,4093,3675,4141,3627,.54491019,.52688444,.51711887,.4972465,.63925439,.62933928,.69921696,.67552447,.36254764,.35313353,PLFS_2324,July 2023 - June 2024,HARYANA,.5159629,.49691039,.7564134,.72587347,.24816327,.24190477,.5064792,.48331955,.52426952,.50881428
3511,2678,1227,1030,197,74,1153,1253,1051,202,76,1177,1435,1243,161,2517,.33998403,.33145162,.34633681,.3374761,.30693069,.29896906,.40789473,.40789473,.33559898,.32646048,PLFS_2324,July 2023 - June 2024,DELHI,.46788648,.45817775,.73240417,.71777004,.16251005,.15848753,.46762019,.45808503,.47204968,.45962733
19905,14137,8569,5188,3381,5776,2793,8973,5449,3524,5933,3040,6992,7144,8473,5664,.75604594,.6941365,.68195999,.62847549,.87060159,.82167453,.88521826,.82165486,.50394738,.46579581,PLFS_2324,July 2023 - June 2024,RAJASTHAN,.6347174,.6061399,.77931923,.74199086,.49328107,.47326428,.53672314,.49311441,.70022422,.68169481
42740,29934,15977,11401,4576,11210,4767,16465,11777,4688,11414,5051,14951,14983,19345,10589,.81469786,.76477307,.78500468,.75548118,.88929182,.80451977,.91668129,.87203223,.58424073,.56086957,PLFS_2324,July 2023 - June 2024,UTTAR PRADESH,.5500434,.53374088,.78770649,.76255769,.31288794,.3054128,.47700444,.45018417,.59002328,.57947791
22474,14999,7214,5293,1921,5422,1792,7506,5533,1973,5562,1944,7650,7348,10558,4441,.83839595,.79602301,.8169167,.79600888,.89863151,.79609758,.91136283,.8754915,.62962961,.60032278,PLFS_2324,July 2023 - June 2024,BIHAR,.50043339,.48096541,.72326797,.69189543,.26850843,.26143169,.43773925,.40351272,.52680433,.51354426
2649,2138,1473,868,605,992,481,1523,893,630,1019,504,1104,1034,1287,851,.64871961,.56454849,.61926091,.53680634,.69047618,.60457516,.75466144,.63691074,.43452382,.41967872,PLFS_2324,July 2023 - June 2024,SIKKIM,.71234798,.68896163,.80887681,.78623188,.60928434,.58510637,.59224445,.56521738,.79176378,.7707848
7833,5776,3785,2150,1635,2766,1019,4077,2306,1771,2889,1188,2942,2834,3796,1980,.74172187,.67420352,.69384217,.61080837,.80406553,.7568047,.85877466,.78773409,.45707071,.40975192,PLFS_2324,July 2023 - June 2024,ARUNACHAL PRADESH,.70585179,.65529776,.78382051,.73079538,.62491179,.57692307,.60000002,.51464647,.76106429,.72866178
4537,2927,1941,1095,846,1199,742,2109,1190,919,1265,844,1468,1459,1611,1316,.71360832,.63320082,.65042019,.57045841,.79542983,.72182256,.81739128,.73060882,.55805689,.4895449,PLFS_2324,July 2023 - June 2024,NAGALAND,.72053295,.6631363,.81062669,.74591279,.62988347,.57984918,.64133739,.56382978,.78522658,.74425822
9937,6929,4123,2455,1668,2075,2048,4390,2575,1815,2183,2207,3407,3522,3384,3545,.74282461,.72720993,.69553399,.68098402,.80991733,.79360628,.82043058,.80767453,.66606253,.64740944,PLFS_2324,July 2023 - June 2024,MANIPUR,.63356906,.59503537,.75579691,.72057527,.51533222,.47359455,.622567,.5777151,.64509457,.61317968
7009,4955,2752,1682,1070,984,1768,2826,1725,1101,997,1829,2498,2457,1646,3309,.72717625,.71266806,.66898549,.65101451,.81834698,.8092643,.86158478,.84252757,.65390927,.64188081,PLFS_2324,July 2023 - June 2024,MIZORAM,.570333,.55539858,.69055241,.67333865,.44810745,.43549043,.55273497,.53430039,.6057108,.59781289
7085,5470,3245,2091,1154,2358,887,3338,2152,1186,2413,925,2763,2707,3732,1738,.77261835,.74341494,.75046468,.72611767,.8128162,.77676952,.84127641,.81373394,.59351349,.56075805,PLFS_2324,July 2023 - June 2024,TRIPURA,.61023766,.59323585,.77886355,.75678611,.43812338,.42630216,.53222096,.51035672,.64657021,.63183278
6243,4298,2801,1525,1276,2093,708,3035,1610,1425,2208,827,2112,2186,2937,1361,.71729821,.65202111,.70807451,.68032789,.72771931,.61636221,.82880437,.75543481,.41958886,.39707673,PLFS_2324,July 2023 - June 2024,MEGHALAYA,.70614237,.65169847,.76231062,.72206438,.65187556,.58371454,.60764146,.52020574,.75178754,.71263194
15414,11324,6968,4487,2481,5642,1326,7342,4697,2645,5897,1445,5734,5590,8823,2501,.75020432,.64126736,.73004043,.65954691,.78601134,.5950954,.81465149,.69741482,.48719722,.43108505,PLFS_2324,July 2023 - June 2024,ASSAM,.64835745,.61533028,.81914896,.7825253,.47316638,.44382825,.57776892,.5301879,.66836679,.63946503
25031,19041,11119,7539,3580,6422,4697,11563,7782,3781,6627,4936,9409,9632,10389,8652,.699386,.62038803,.67116421,.62848943,.75747156,.59316087,.82903272,.75086886,.52532417,.46116072,PLFS_2324,July 2023 - June 2024,WEST BENGAL,.60726851,.5839504,.82708043,.80125409,.39254567,.37167773,.57050395,.54288024,.63788623,.61815381
12490,8804,5141,3279,1861,3713,1428,5255,3373,1881,3737,1518,4359,4443,5506,3298,.81941009,.72337383,.76756597,.70236611,.91228068,.79187816,.93818569,.84734756,.52700925,.48246846,PLFS_2324,July 2023 - June 2024,JHARKHAND,.59688777,.58393914,.77380133,.75223672,.42336258,.41886112,.46027896,.43298969,.67871416,.67435527
15682,11638,7229,4467,2762,5676,1553,7521,4644,2877,5858,1663,5576,6062,8576,3062,.76691931,.67093092,.71317828,.63379663,.85366702,.75703323,.8449983,.74776787,.49188215,.42820513,PLFS_2324,July 2023 - June 2024,ORISSA,.64624506,.62115484,.83285511,.80111194,.47459584,.45562521,.54310906,.50718486,.68306905,.661847
9605,7310,4997,2963,2034,3615,1382,5159,3067,2092,3664,1495,3682,3627,4795,2515,.77825159,.72815931,.72579068,.66890532,.8551625,.81893003,.91784936,.86528498,.43612039,.39917126,PLFS_2324,July 2023 - June 2024,CHATTISGARH,.70574558,.68358415,.83297122,.80472571,.57678521,.56079406,.59443343,.54950297,.76412928,.7539103
21458,15734,10293,6644,3649,7044,3249,10440,6759,3681,7090,3350,8008,7726,9567,6167,.81685823,.7280519,.77496672,.71583414,.89377886,.77123821,.93906909,.86919671,.55820894,.48185483,PLFS_2324,July 2023 - June 2024,MADHYA PRADESH,.66353118,.65418839,.84403098,.82967031,.47644317,.47230133,.5432139,.5268364,.74108917,.73628098
15604,11689,7394,4848,2546,4279,3115,7519,4940,2579,4317,3202,5987,5701,5988,5701,.65740126,.60388857,.5819838,.55055034,.80186117,.73564953,.83275425,.77610028,.42098689,.37835121,PLFS_2324,July 2023 - June 2024,GUJARAT,.64325434,.63256055,.8251211,.80975449,.45237678,.44658831,.56165588,.54639536,.7209419,.71459585
1235,941,647,430,217,358,289,663,443,220,365,298,506,435,454,487,.52941179,.35239568,.43340859,.23515981,.7227273,.59808612,.76986301,.48725212,.23489933,.19047619,PLFS_2324,July 2023 - June 2024,D & N. HAVELI & DAMAN & DIU,.70456958,.6875664,.87549406,.84980237,.50574714,.49885058,.61190963,.59342915,.80396473,.78854626
30990,23197,13667,9087,4580,7267,6400,14134,9435,4699,7396,6738,11929,11267,10800,12397,.63096082,.60460609,.58982509,.56135494,.71355605,.69384617,.86087072,.82493478,.37859899,.36348611,PLFS_2324,July 2023 - June 2024,MAHARASHTRA,.60930294,.58917099,.79092968,.76175708,.41705868,.40649685,.5435186,.51625395,.68481481,.6728704
13649,10550,6075,3867,2208,3794,2281,6398,4077,2321,3932,2466,5232,5318,5859,4691,.66161299,.63660896,.61172432,.58458877,.749246,.73022223,.8138352,.78360146,.418897,.40490797,PLFS_2324,July 2023 - June 2024,ANDHRA PRADESH,.60644549,.57582939,.77924311,.73910552,.43644229,.41519368,.52568752,.48625028,.67110431,.64755076
15054,11303,6404,4348,2056,3351,3053,6605,4499,2106,3415,3190,5714,5589,5314,5989,.66570783,.6483025,.65036672,.6342665,.69848055,.67940444,.85680819,.83848697,.46112853,.44712606,PLFS_2324,July 2023 - June 2024,KARNATAKA,.58435816,.56657523,.78736436,.76093805,.37681159,.36786544,.5326432,.50976789,.64264208,.63059843
1668,1186,596,432,164,260,336,648,454,194,285,363,586,600,515,671,.37808642,.35448918,.39207047,.36343613,.34536082,.33333334,.44561404,.40636042,.32506886,.3140496,PLFS_2324,July 2023 - June 2024,GOA,.54637438,.5025295,.77474403,.73720139,.32333332,.27333334,.54098362,.50074518,.55339807,.50485438
749,540,241,207,34,86,155,270,222,48,93,177,275,265,169,371,.44814816,.42696628,.490991,.47297296,.25,.2,.49462366,.44565219,.42372882,.41714287,PLFS_2324,July 2023 - June 2024,LAKSHDWEEP,.5,.4462963,.80727273,.75272727,.18113208,.12830189,.47708896,.41778976,.55029583,.50887573
15583,10742,5850,3645,2205,2703,3147,6322,3827,2495,2914,3408,4958,5784,4841,5901,.53495729,.4500353,.55709434,.50013512,.50100201,.35557818,.61839396,.53343701,.46361503,.38065976,PLFS_2324,July 2023 - June 2024,KERALA,.58853102,.54459131,.77188385,.73517549,.43136239,.38122407,.57752925,.53329945,.60194176,.55835569
22552,16886,9868,6165,3702,5327,4541,10283,6419,3863,5517,4766,8131,8752,8055,8831,.57940292,.52439898,.51674718,.47937009,.68340665,.60776871,.7290194,.65505087,.40621066,.38140133,PLFS_2324,July 2023 - June 2024,TAMIL NADU,.60896599,.58438945,.78944778,.75820935,.44138482,.42298904,.53968972,.5142113,.6849162,.66132838
1913,1409,707,480,227,193,514,748,505,243,197,551,669,740,344,1065,.3302139,.29068151,.35445544,.3253012,.2798354,.21266969,.52284265,.45555556,.261343,.23562153,PLFS_2324,July 2023 - June 2024,PONDICHERRY,.53087294,.50177431,.75485802,.71748877,.32837838,.30675676,.51737088,.48262912,.57267439,.56104654
1727,1342,795,548,247,417,378,898,587,311,460,438,683,659,634,708,.42427617,.35472578,.41737649,.36254296,.43729904,.33818182,.62173915,.51264369,.21689498,.19194312,PLFS_2324,July 2023 - June 2024,A & N ISLANDS,.66915053,.59239942,.8594436,.80234259,.47192717,.37481031,.61864406,.53389829,.72555202,.65772873
10046,7501,4459,2809,1650,2370,2089,4722,2982,1740,2456,2266,3738,3763,3438,4063,.65607792,.6171279,.60831654,.56363016,.73793101,.71170086,.85912055,.81168008,.4360106,.41060197,PLFS_2324,July 2023 - June 2024,TELANGANA,.62951607,.59445405,.7977528,.7514714,.46239701,.43847993,.55771595,.51415211,.71436882,.6893543
1104,804,451,294,157,281,170,494,314,180,291,203,414,390,456,348,.6680162,.60698688,.6242038,.58520901,.74444443,.65306121,.81099659,.72796935,.46305418,.44670051,PLFS_2324,July 2023 - June 2024,LADAKH,.61442786,.56094527,.75845408,.71014494,.46153846,.40256411,.58333331,.48850575,.6381579,.61622804
