s_casual_w_lf_PS_unw,s_casual_w_lf_P_unw,s_casual_w_lf_PS_m_unw,s_casual_w_lf_P_m_unw,s_casual_w_lf_PS_f_unw,s_casual_w_lf_P_f_unw,s_casual_w_lf_PS_rur_unw,s_casual_w_lf_P_rur_unw,s_casual_w_lf_PS_urb_unw,s_casual_w_lf_P_urb_unw,data,time,state_name
.67378366,.5568912,.66628253,.59341449,.69723433,.314376,.81115264,.65688485,.45995525,.43424088,PLFS_1718,July 2017 - June 2018,JAMMU & KASHMIR
.5782609,.43915343,.557971,.50370371,.60869563,.27777779,.62400001,.46391752,.52380955,.41304347,PLFS_1718,July 2017 - June 2018,LADAKH
.77371848,.72833043,.70052707,.65154439,.88011086,.84542125,.82568502,.7769466,.46015936,.44064388,PLFS_1718,July 2017 - June 2018,HIMACHAL PRADESH
.549604,.54313433,.57257456,.57024586,.43618339,.39973441,.68525177,.67883211,.43240094,.42644173,PLFS_1718,July 2017 - June 2018,PUNJAB
.30241188,.2883895,.33007336,.31862745,.21538462,.19047619,.2682927,.24050634,.30853391,.29670331,PLFS_1718,July 2017 - June 2018,CHANDIGARH
.60720485,.60165435,.61319745,.61021507,.58181816,.56521738,.7295019,.72064465,.44744745,.44567403,PLFS_1718,July 2017 - June 2018,UTTARANCHAL
.56487584,.56029451,.55684179,.55212355,.61178511,.60839158,.68508029,.67911154,.42560175,.42238069,PLFS_1718,July 2017 - June 2018,HARYANA
.30462185,.30147576,.3184,.31730768,.21022727,.19075145,.36666667,.36666667,.30044842,.29707426,PLFS_1718,July 2017 - June 2018,DELHI
.69286412,.66164863,.65248871,.63253009,.82721251,.7791636,.82184541,.78483701,.47167674,.46165645,PLFS_1718,July 2017 - June 2018,RAJASTHAN
.74886447,.73101389,.74606299,.73655123,.76515538,.68690312,.85979921,.84209245,.54975432,.54193413,PLFS_1718,July 2017 - June 2018,UTTAR PRADESH
.74291861,.74199927,.75630093,.75555134,.50830567,.49829352,.80133301,.80035973,.60703635,.60598803,PLFS_1718,July 2017 - June 2018,BIHAR
.5955143,.59087396,.60591716,.60118341,.57589287,.5714286,.6946848,.68726826,.42975205,.42975205,PLFS_1718,July 2017 - June 2018,SIKKIM
.59626007,.59328514,.60692769,.60592371,.53739613,.52354568,.71318328,.70868164,.36842105,.36842105,PLFS_1718,July 2017 - June 2018,ARUNACHAL PRADESH
.3565737,.35548171,.37777779,.37692308,.28273809,.280597,.43004587,.43004587,.25552049,.25276461,PLFS_1718,July 2017 - June 2018,NAGALAND
.65319693,.64787644,.66632617,.66280651,.61316872,.60126585,.72828186,.72316658,.56855279,.56297916,PLFS_1718,July 2017 - June 2018,MANIPUR
.54021186,.53942722,.57207721,.5709421,.46946564,.46946564,.76254183,.76254183,.41949153,.41828087,PLFS_1718,July 2017 - June 2018,MIZORAM
.60288948,.59749901,.63097429,.62454045,.44415584,.44386423,.69141531,.68543237,.42054957,.41626793,PLFS_1718,July 2017 - June 2018,TRIPURA
.70362562,.69237399,.71818835,.71746945,.68297654,.65483868,.81560284,.8051157,.42500001,.4197349,PLFS_1718,July 2017 - June 2018,MEGHALAYA
.63169986,.62617362,.68045777,.67481285,.30588236,.29985228,.68068498,.67464715,.47645649,.47242206,PLFS_1718,July 2017 - June 2018,ASSAM
.6551795,.6308617,.6622262,.64865911,.62632698,.54289371,.79816866,.7768513,.48674157,.45913124,PLFS_1718,July 2017 - June 2018,WEST BENGAL
.70875293,.68743342,.70900619,.69358373,.70705521,.65178573,.82722086,.8044312,.50387597,.4925479,PLFS_1718,July 2017 - June 2018,JHARKHAND
.72368419,.7053377,.72359306,.71360487,.72407407,.66255605,.80890971,.79084492,.47038329,.45467523,PLFS_1718,July 2017 - June 2018,ORISSA
.77031422,.73678339,.72861457,.69380111,.84629518,.81824064,.90741897,.87210053,.45771143,.43219724,PLFS_1718,July 2017 - June 2018,CHATTISGARH
.75050324,.73806375,.7374922,.72393703,.79111761,.78371501,.88244218,.86952347,.53106278,.51816136,PLFS_1718,July 2017 - June 2018,MADHYA PRADESH
.60524559,.58928263,.58104789,.57819223,.71194166,.64784056,.75619048,.73913044,.43758816,.42898032,PLFS_1718,July 2017 - June 2018,GUJARAT
.37360594,.25760648,.31143552,.25121951,.57480317,.28915662,.55510205,.34615386,.221843,.19298245,PLFS_1718,July 2017 - June 2018,D & N. HAVELI & DAMAN & DIU
.62765145,.61806142,.60148877,.59218699,.6975897,.68843073,.84394807,.83078802,.40648147,.40180096,PLFS_1718,July 2017 - June 2018,MAHARASHTRA
.70880359,.69121248,.67125487,.65392584,.78040242,.76518959,.84063351,.8213293,.50422424,.49126214,PLFS_1718,July 2017 - June 2018,ANDHRA PRADESH
.64037514,.63830769,.64301687,.64091092,.63194442,.62998104,.82960802,.82604468,.46941763,.46850279,PLFS_1718,July 2017 - June 2018,KARNATAKA
.33436534,.31661442,.35746607,.3484163,.28431374,.24489796,.36963695,.34006733,.30320701,.29618767,PLFS_1718,July 2017 - June 2018,GOA
.35849056,.35849056,.47133759,.47133759,.036363635,.036363635,.43243244,.43243244,.31884059,.31884059,PLFS_1718,July 2017 - June 2018,LAKSHDWEEP
.54592007,.52128744,.61939216,.60606062,.38594651,.3207331,.61630869,.59344387,.48745087,.46177751,PLFS_1718,July 2017 - June 2018,KERALA
.54744887,.52739936,.51875269,.50490057,.61155701,.57993942,.67326349,.64640445,.4156504,.40451282,PLFS_1718,July 2017 - June 2018,TAMIL NADU
.44398341,.43828017,.51361161,.5090909,.22093023,.21052632,.58441556,.5714286,.4059754,.40211639,PLFS_1718,July 2017 - June 2018,PONDICHERRY
.34573829,.33293125,.41499999,.40201005,.16738197,.15517241,.47115386,.45278451,.22062351,.2139423,PLFS_1718,July 2017 - June 2018,A & N ISLANDS
.5967409,.59258407,.55458087,.55086124,.69820172,.69407117,.8141892,.80931586,.39956236,.39675581,PLFS_1718,July 2017 - June 2018,TELANGANA
.71204364,.55653822,.69697684,.59130859,.75122851,.33843797,.82929486,.6256066,.51530379,.46714976,PLFS_1819,July 2018 - June 2019,JAMMU & KASHMIR
.63223141,.40101522,.61038959,.47260273,.67045456,.19607843,.81818181,.5,.40909091,.31067961,PLFS_1819,July 2018 - June 2019,LADAKH
.79259467,.72355145,.72832662,.65394402,.87173098,.81424767,.8496753,.77609426,.44921875,.41082165,PLFS_1819,July 2018 - June 2019,HIMACHAL PRADESH
.54142857,.52833331,.55207026,.54684752,.49562362,.43887532,.67484146,.65953732,.41696253,.40852928,PLFS_1819,July 2018 - June 2019,PUNJAB
.25844932,.23742455,.28641975,.26932669,.14285715,.10416666,.34831461,.29545453,.23913044,.22493887,PLFS_1819,July 2018 - June 2019,CHANDIGARH
.61324614,.60869563,.62058371,.61916965,.58333331,.56584364,.73840582,.73236364,.4512195,.44873002,PLFS_1819,July 2018 - June 2019,UTTARANCHAL
.53118664,.52449858,.53705955,.53041363,.50153375,.49462366,.66167957,.6523211,.38675213,.38321754,PLFS_1819,July 2018 - June 2019,HARYANA
.30235884,.29690871,.31742042,.31228957,.21463415,.20689656,.38636363,.38636363,.29672006,.29086724,PLFS_1819,July 2018 - June 2019,DELHI
.70861018,.66834766,.66672873,.64552659,.82103688,.75259876,.84709096,.80669057,.45638868,.44192412,PLFS_1819,July 2018 - June 2019,RAJASTHAN
.75450593,.73559183,.74732703,.73770189,.79512447,.7192362,.86880922,.84993565,.54423118,.5372768,PLFS_1819,July 2018 - June 2019,UTTAR PRADESH
.75097692,.7504887,.7605924,.76008254,.57966101,.57966101,.80960852,.80900306,.61497641,.61474925,PLFS_1819,July 2018 - June 2019,BIHAR
.60869563,.58033031,.58591884,.54958183,.6471774,.63232321,.71461987,.67643613,.41962421,.4091858,PLFS_1819,July 2018 - June 2019,SIKKIM
.57543445,.55974591,.59894335,.59298414,.46770602,.40274599,.68957204,.66686893,.3585338,.35706085,PLFS_1819,July 2018 - June 2019,ARUNACHAL PRADESH
.43299711,.43299711,.43925235,.43925235,.41194969,.41194969,.51875001,.51875001,.31632653,.31632653,PLFS_1819,July 2018 - June 2019,NAGALAND
.6229043,.61602718,.62584549,.61960787,.61596245,.60703814,.68564355,.67975831,.55465806,.54742545,PLFS_1819,July 2018 - June 2019,MANIPUR
.60615253,.60571921,.60252368,.60189277,.61410791,.61410791,.81566262,.81566262,.48849797,.48782137,PLFS_1819,July 2018 - June 2019,MIZORAM
.59629208,.59175181,.658719,.65357643,.33134919,.32936507,.67424673,.67083567,.44117647,.43438914,PLFS_1819,July 2018 - June 2019,TRIPURA
.65576667,.64092141,.66862601,.66323531,.63636363,.60538644,.7614907,.74519849,.39509955,.39110428,PLFS_1819,July 2018 - June 2019,MEGHALAYA
.61810786,.61117911,.66776782,.66241437,.30769232,.28742516,.66155881,.65571165,.47256637,.46235606,PLFS_1819,July 2018 - June 2019,ASSAM
.66772443,.637519,.66701287,.64752162,.67037755,.58924049,.79873735,.77188706,.51695287,.48307261,PLFS_1819,July 2018 - June 2019,WEST BENGAL
.71750432,.69142562,.70006239,.68544304,.78417265,.71893489,.84513444,.81973898,.47639486,.46425992,PLFS_1819,July 2018 - June 2019,JHARKHAND
.71257174,.68537289,.70640129,.68911564,.73288184,.67115903,.80069047,.77477044,.44025606,.41847041,PLFS_1819,July 2018 - June 2019,ORISSA
.76702839,.73795396,.72730547,.69737798,.83783782,.813779,.90233189,.87193841,.47521865,.45535055,PLFS_1819,July 2018 - June 2019,CHATTISGARH
.75900447,.73972952,.74448413,.72651529,.80786026,.78683752,.88964278,.87227094,.53969848,.51855636,PLFS_1819,July 2018 - June 2019,MADHYA PRADESH
.58578473,.57207036,.55409986,.54872257,.71961725,.68409586,.77166158,.7557441,.36956522,.36530045,PLFS_1819,July 2018 - June 2019,GUJARAT
.40418118,.28705442,.32954547,.26086956,.64925373,.40625,.5871886,.39024389,.22866894,.19860627,PLFS_1819,July 2018 - June 2019,D & N. HAVELI & DAMAN & DIU
.61290574,.60339302,.58513731,.57496488,.68457681,.67759252,.83179271,.81807065,.38286352,.37871999,PLFS_1819,July 2018 - June 2019,MAHARASHTRA
.66761094,.65014344,.63385272,.6175006,.73497397,.71734893,.79963523,.78419936,.46621621,.44804156,PLFS_1819,July 2018 - June 2019,ANDHRA PRADESH
.62066734,.61778575,.62003779,.61777687,.62296242,.61798561,.81812036,.81654185,.43905473,.43604109,PLFS_1819,July 2018 - June 2019,KARNATAKA
.35874438,.34580839,.37605041,.36134455,.31606218,.30729166,.39222616,.37588653,.3341969,.32383421,PLFS_1819,July 2018 - June 2019,GOA
.39269406,.39269406,.47777778,.47777778,0,0,.4520548,.4520548,.36301368,.36301368,PLFS_1819,July 2018 - June 2019,LAKSHDWEEP
.57199556,.53378826,.62699735,.60462314,.46197718,.37452778,.66235167,.62164235,.50056851,.4664903,PLFS_1819,July 2018 - June 2019,KERALA
.5497182,.52785146,.51915479,.50205886,.60958904,.57996917,.68552476,.65537846,.4049896,.3939774,PLFS_1819,July 2018 - June 2019,TAMIL NADU
.39401197,.37094837,.38782609,.36347827,.40769231,.38759691,.54464287,.51121074,.33878887,.31967214,PLFS_1819,July 2018 - June 2019,PONDICHERRY
.34419817,.33552632,.38267148,.37749547,.24413146,.22488038,.46685082,.45658264,.2345679,.22828785,PLFS_1819,July 2018 - June 2019,A & N ISLANDS
.62109375,.61467254,.58395904,.57754195,.69739622,.69192278,.83504671,.82956684,.41410488,.40691853,PLFS_1819,July 2018 - June 2019,TELANGANA
.71150064,.58764672,.71145219,.62235576,.71145612,.44787645,.83849257,.68097526,.51402259,.46870896,PLFS_1920,July 2019 - June 2020,JAMMU & KASHMIR
.67894739,.45890412,.66666669,.5,.69863015,.32352942,.85294116,.55882353,.47727272,.37179488,PLFS_1920,July 2019 - June 2020,LADAKH
.79962945,.71749377,.7297163,.63636363,.87902772,.8150183,.86349601,.7749269,.41666666,.38257575,PLFS_1920,July 2019 - June 2020,HIMACHAL PRADESH
.54580671,.5301733,.55720907,.55362815,.50187969,.42672414,.70817268,.68845844,.38186064,.37593395,PLFS_1920,July 2019 - June 2020,PUNJAB
.25338492,.24513619,.27536231,.26876512,.16504854,.14851485,.20430107,.20430107,.26415095,.25415677,PLFS_1920,July 2019 - June 2020,CHANDIGARH
.62589657,.61673671,.59906638,.59595436,.69764215,.67489117,.77883399,.76664513,.40056023,.40000001,PLFS_1920,July 2019 - June 2020,UTTARANCHAL
.52683049,.52071303,.53157735,.52574849,.50231838,.49455675,.6786772,.67062312,.37003058,.36613971,PLFS_1920,July 2019 - June 2020,HARYANA
.25792187,.25608855,.27068967,.27006039,.18274112,.17346939,.40000001,.40000001,.24902114,.24705882,PLFS_1920,July 2019 - June 2020,DELHI
.75136137,.70548409,.6940285,.66508663,.87652862,.82191783,.86619455,.8179903,.52431834,.50303262,PLFS_1920,July 2019 - June 2020,RAJASTHAN
.77941906,.75521612,.77100098,.75370711,.81691772,.76360041,.89271122,.86751443,.56199712,.55157232,PLFS_1920,July 2019 - June 2020,UTTAR PRADESH
.80187368,.79972041,.80701756,.80602199,.75563258,.73937154,.87035227,.86803156,.63484484,.63369304,PLFS_1920,July 2019 - June 2020,BIHAR
.57193482,.527417,.57633138,.53325415,.56537104,.51838237,.68026459,.61721402,.37698412,.36978132,PLFS_1920,July 2019 - June 2020,SIKKIM
.59281439,.58816922,.60271317,.60077518,.55921054,.54530478,.7096774,.70339453,.35240275,.35125858,PLFS_1920,July 2019 - June 2020,ARUNACHAL PRADESH
.45842218,.45755473,.43464053,.43371522,.50306749,.50230414,.52976191,.52855927,.33857143,.33857143,PLFS_1920,July 2019 - June 2020,NAGALAND
.63604856,.63101739,.6225332,.61974865,.66613418,.65622491,.70902491,.70514822,.5693984,.56336021,PLFS_1920,July 2019 - June 2020,MANIPUR
.66679436,.66078281,.64248097,.63364595,.71254164,.71190214,.8176915,.80777538,.58372921,.57976192,PLFS_1920,July 2019 - June 2020,MIZORAM
.69831079,.68976003,.70901102,.70008796,.66277373,.65547442,.76836985,.76058394,.53922653,.52876109,PLFS_1920,July 2019 - June 2020,TRIPURA
.67403316,.65664488,.6883024,.68259627,.65299684,.61590147,.78502995,.76736975,.40263543,.39531478,PLFS_1920,July 2019 - June 2020,MEGHALAYA
.63706183,.62840772,.69107443,.68334132,.38530067,.36806342,.68305302,.67480522,.49051937,.4810231,PLFS_1920,July 2019 - June 2020,ASSAM
.66424257,.63576627,.67237628,.65399241,.63702983,.56183118,.80086136,.77145946,.50024617,.47472414,PLFS_1920,July 2019 - June 2020,WEST BENGAL
.76754481,.71911424,.72597444,.69544071,.86849713,.79699999,.88629919,.83581549,.52738851,.51008457,PLFS_1920,July 2019 - June 2020,JHARKHAND
.7505976,.71375716,.73066664,.7027691,.80373305,.75017112,.83108246,.79344696,.48563612,.46186143,PLFS_1920,July 2019 - June 2020,ORISSA
.77426249,.74193549,.73133308,.6997245,.84641832,.81750923,.90416664,.86755586,.44309559,.43087557,PLFS_1920,July 2019 - June 2020,CHATTISGARH
.76905054,.73272383,.74202126,.71451229,.83651227,.78723407,.90792441,.87385023,.51846057,.4898223,PLFS_1920,July 2019 - June 2020,MADHYA PRADESH
.64385277,.62443221,.59009391,.57913899,.79176468,.76572961,.81946802,.79852724,.42616627,.4109787,PLFS_1920,July 2019 - June 2020,GUJARAT
.40069687,.24266145,.2995283,.20567375,.68666667,.42045453,.65909094,.37440759,.18064517,.15000001,PLFS_1920,July 2019 - June 2020,D & N. HAVELI & DAMAN & DIU
.64149934,.6321733,.60384315,.59341031,.72269112,.71658927,.85314286,.84143883,.39858994,.39245096,PLFS_1920,July 2019 - June 2020,MAHARASHTRA
.68097281,.66516924,.65361661,.63597125,.73549002,.72418809,.81652588,.79941159,.47582901,.46391338,PLFS_1920,July 2019 - June 2020,ANDHRA PRADESH
.64944923,.63701016,.63040709,.61969727,.69450003,.67954069,.83527356,.82067323,.45490554,.44741696,PLFS_1920,July 2019 - June 2020,KARNATAKA
.36891893,.35135135,.36022514,.33958724,.39130434,.38164252,.49845201,.47368422,.26858515,.25659472,PLFS_1920,July 2019 - June 2020,GOA
.43137255,.38410595,.51785713,.4642857,.19512194,.15384616,.64444447,.58139533,.3425926,.30555555,PLFS_1920,July 2019 - June 2020,LAKSHDWEEP
.56829542,.51256454,.60757023,.57284439,.49192783,.37542278,.64562261,.58525348,.50179964,.45352465,PLFS_1920,July 2019 - June 2020,KERALA
.58334959,.55855232,.54092264,.52320552,.66356719,.62843633,.72304797,.68833429,.43350151,.42209113,PLFS_1920,July 2019 - June 2020,TAMIL NADU
.33759591,.31410256,.34563106,.31712061,.32209739,.30827066,.44927537,.41262135,.2973913,.27874565,PLFS_1920,July 2019 - June 2020,PONDICHERRY
.3466334,.32743362,.39253998,.37722421,.23849373,.20524018,.4772118,.44808742,.23310024,.22352941,PLFS_1920,July 2019 - June 2020,A & N ISLANDS
.6190992,.61094093,.56900567,.56101638,.71242237,.70532322,.84648556,.83792049,.38973466,.38316527,PLFS_1920,July 2019 - June 2020,TELANGANA
.72962672,.58736718,.6976468,.60548013,.79376501,.50888193,.85089713,.68370163,.52437979,.45974383,PLFS_2021,July 2020 - June 2021,JAMMU & KASHMIR
.66399997,.42307693,.63513511,.47945204,.70588237,.29032257,.77464789,.4107143,.51851851,.4375,PLFS_2021,July 2020 - June 2021,LADAKH
.81869614,.72112119,.75980395,.63778335,.89108318,.82858992,.88063908,.77484316,.43846154,.3976143,PLFS_2021,July 2020 - June 2021,HIMACHAL PRADESH
.58429426,.56247425,.57767606,.57146496,.60802186,.5243243,.72198021,.69548714,.44550899,.43525615,PLFS_2021,July 2020 - June 2021,PUNJAB
.26862746,.25838265,.30749354,.2997416,.14634146,.125,.24390244,.24390244,.27336448,.26117647,PLFS_2021,July 2020 - June 2021,CHANDIGARH
.63957864,.62928706,.59644538,.59433961,.75,.7259475,.79566562,.78374922,.39789069,.39534885,PLFS_2021,July 2020 - June 2021,UTTARANCHAL
.57024795,.56094497,.56271183,.553599,.60294116,.59299189,.69557196,.68179715,.42136985,.41758242,PLFS_2021,July 2020 - June 2021,HARYANA
.2599411,.25185186,.27001703,.26410258,.19565217,.17222223,.40000001,.40000001,.25058916,.24189724,PLFS_2021,July 2020 - June 2021,DELHI
.75700819,.72202891,.70420748,.67976499,.87136114,.83564359,.87954921,.8428455,.50660628,.49103662,PLFS_2021,July 2020 - June 2021,RAJASTHAN
.80207485,.76695728,.78354603,.7590223,.87015873,.80763984,.90813255,.87337774,.58145362,.56516159,PLFS_2021,July 2020 - June 2021,UTTAR PRADESH
.82817501,.82213366,.82985556,.82669884,.81504703,.78062159,.89301032,.88728398,.67329717,.66849148,PLFS_2021,July 2020 - June 2021,BIHAR
.65113091,.58868712,.62984055,.55684453,.68330467,.63684213,.75455523,.6688453,.4676806,.44552529,PLFS_2021,July 2020 - June 2021,SIKKIM
.63440061,.61202389,.64028412,.61526716,.61764705,.6025281,.75757575,.72676992,.37772676,.37356323,PLFS_2021,July 2020 - June 2021,ARUNACHAL PRADESH
.50240773,.50133902,.45675904,.45500422,.58259588,.58259588,.58440447,.583691,.36609685,.36467236,PLFS_2021,July 2020 - June 2021,NAGALAND
.66201508,.66033518,.66059226,.66059226,.66490483,.65853661,.74401367,.74329722,.58337891,.58073342,PLFS_2021,July 2020 - June 2021,MANIPUR
.69389254,.67905778,.65144509,.63157892,.76821864,.76214576,.84710741,.83350569,.60914284,.5937143,PLFS_2021,July 2020 - June 2021,MIZORAM
.72793627,.71731919,.74446493,.73293358,.68557918,.67730498,.80874062,.79840225,.53386003,.52257335,PLFS_2021,July 2020 - June 2021,TRIPURA
.70144928,.68645877,.71225071,.70898718,.68644905,.65282214,.81433606,.7993865,.43197757,.4275668,PLFS_2021,July 2020 - June 2021,MEGHALAYA
.71317971,.67151493,.74032372,.71327686,.62354761,.50191206,.76941067,.72209847,.52503914,.50837988,PLFS_2021,July 2020 - June 2021,ASSAM
.67650568,.63043225,.6736505,.64532745,.68475008,.57075471,.79899204,.75418633,.52071005,.48004174,PLFS_2021,July 2020 - June 2021,WEST BENGAL
.80741769,.7425096,.76386034,.71237457,.89828432,.82854658,.92948538,.86965311,.52590162,.48571429,PLFS_2021,July 2020 - June 2021,JHARKHAND
.77219963,.73070842,.75100404,.71474224,.82492113,.77668715,.84348512,.80062503,.54038459,.5104987,PLFS_2021,July 2020 - June 2021,ORISSA
.77920943,.74755961,.72423494,.69542068,.86923963,.8400504,.897699,.86675334,.49963316,.47138554,PLFS_2021,July 2020 - June 2021,CHATTISGARH
.80538011,.76276809,.78070861,.74531478,.86234236,.81238616,.93377036,.89511925,.56913084,.53142297,PLFS_2021,July 2020 - June 2021,MADHYA PRADESH
.6579662,.62897301,.60344464,.58915383,.79678285,.7526316,.82065505,.79158372,.44123855,.42055392,PLFS_2021,July 2020 - June 2021,GUJARAT
.36450383,.25819671,.29620254,.23857868,.57364339,.34042552,.49056605,.33474576,.23552124,.18650794,PLFS_2021,July 2020 - June 2021,D & N. HAVELI & DAMAN & DIU
.66035616,.64860934,.62472612,.611691,.7417655,.7335825,.86133766,.84510624,.42355409,.41769257,PLFS_2021,July 2020 - June 2021,MAHARASHTRA
.68673426,.66789383,.6460489,.62763691,.76028848,.7419495,.83228403,.81119961,.46780303,.45544556,PLFS_2021,July 2020 - June 2021,ANDHRA PRADESH
.67054832,.65867543,.65274817,.64230603,.71086645,.69706029,.86201906,.84831458,.47159603,.46385175,PLFS_2021,July 2020 - June 2021,KARNATAKA
.39183056,.36280489,.38541666,.34663865,.40883979,.40555555,.4749164,.42033899,.32320443,.31578946,PLFS_2021,July 2020 - June 2021,GOA
.39285713,.38129497,.45454547,.44036698,.16666667,.16666667,.5714286,.5714286,.31632653,.29896906,PLFS_2021,July 2020 - June 2021,LAKSHDWEEP
.58314753,.52774924,.62736428,.5903976,.50136119,.39106753,.67648029,.61321777,.49646696,.45063537,PLFS_2021,July 2020 - June 2021,KERALA
.60493129,.57609433,.56701338,.54295123,.67103571,.63708359,.74545133,.70908755,.44800797,.4301925,PLFS_2021,July 2020 - June 2021,TAMIL NADU
.38253382,.35345912,.38680926,.35892856,.37301588,.34042552,.59174311,.54066986,.30588236,.28668943,PLFS_2021,July 2020 - June 2021,PONDICHERRY
.5305292,.46639231,.54020619,.47520661,.51394421,.45081967,.73456788,.65420562,.37046006,.31862745,PLFS_2021,July 2020 - June 2021,A & N ISLANDS
.67494738,.66341668,.63272011,.62046206,.75058687,.74080664,.87948406,.8669911,.45130014,.44049734,PLFS_2021,July 2020 - June 2021,TELANGANA
.73033351,.58457267,.70352489,.60591745,.78258824,.50048971,.85190761,.6803419,.51817781,.45231351,PLFS_2122,July 2021 - June 2022,JAMMU & KASHMIR
.80997741,.71291494,.74653739,.62834352,.8853538,.81739128,.87802041,.77338564,.38808665,.34317344,PLFS_2122,July 2021 - June 2022,HIMACHAL PRADESH
.57556331,.56325722,.59133047,.58383536,.52117544,.48525214,.70237648,.68987095,.44092911,.43260694,PLFS_2122,July 2021 - June 2022,PUNJAB
.30985916,.30122951,.31463414,.30445546,.28735632,.2857143,.25287357,.24418604,.32195121,.31343284,PLFS_2122,July 2021 - June 2022,CHANDIGARH
.64423078,.60644913,.60544217,.5768823,.73770493,.6875,.76885647,.72491908,.45094341,.42857143,PLFS_2122,July 2021 - June 2022,UTTARANCHAL
.53655517,.52475739,.52291352,.51094222,.59729731,.58710563,.67409474,.65654206,.37905368,.37466738,PLFS_2122,July 2021 - June 2022,HARYANA
.27619049,.27649403,.2859745,.28675801,.20987654,.20625,.27160493,.27160493,.2765055,.27683136,PLFS_2122,July 2021 - June 2022,DELHI
.7526111,.71942908,.69125831,.66253871,.8809613,.85608047,.8777349,.8414368,.50912344,.49488679,PLFS_2122,July 2021 - June 2022,RAJASTHAN
.82638305,.78814667,.80625159,.77941561,.89138782,.82952183,.92110974,.88685018,.61820823,.59362894,PLFS_2122,July 2021 - June 2022,UTTAR PRADESH
.7946955,.78542644,.80066627,.79523897,.74893618,.69430053,.85936409,.85011935,.63979989,.63193655,PLFS_2122,July 2021 - June 2022,BIHAR
.59906602,.54434663,.5699774,.51025057,.64110929,.59432387,.6760155,.60629922,.427957,.40780911,PLFS_2122,July 2021 - June 2022,SIKKIM
.64960223,.62973255,.63031787,.60882354,.69621748,.68057209,.7658487,.74075973,.4064171,.39742213,PLFS_2122,July 2021 - June 2022,ARUNACHAL PRADESH
.64781493,.59305483,.5945946,.55848438,.73756903,.6597774,.72140521,.66493505,.52288491,.47238371,PLFS_2122,July 2021 - June 2022,NAGALAND
.69496942,.68958169,.68339908,.67718792,.72746116,.72453225,.76339054,.75845915,.62322789,.61735809,PLFS_2122,July 2021 - June 2022,MANIPUR
.69005847,.67141813,.66973472,.64320523,.73228347,.73003376,.84162438,.8243655,.60479724,.58537978,PLFS_2122,July 2021 - June 2022,MIZORAM
.70846182,.69612879,.71955055,.70696628,.67388165,.66233766,.78567952,.77301508,.52540416,.51385683,PLFS_2122,July 2021 - June 2022,TRIPURA
.68451166,.67512476,.70892978,.70628417,.64795917,.62659574,.7982558,.79010135,.41540578,.40990371,PLFS_2122,July 2021 - June 2022,MEGHALAYA
.73318839,.68798417,.74477333,.71246874,.69838309,.59559405,.79497743,.74568421,.49850968,.47987852,PLFS_2122,July 2021 - June 2022,ASSAM
.67141575,.62520474,.65771365,.63078159,.71336293,.60082549,.80021161,.75164837,.50412279,.47278419,PLFS_2122,July 2021 - June 2022,WEST BENGAL
.80595887,.72415382,.7567181,.70024055,.90138507,.80235988,.9166221,.83906847,.54067904,.49863574,PLFS_2122,July 2021 - June 2022,JHARKHAND
.74868876,.68551999,.71566975,.67115098,.83012986,.73551261,.83131588,.76747751,.47582206,.43042293,PLFS_2122,July 2021 - June 2022,ORISSA
.7579928,.71697694,.71180671,.67519003,.8340807,.79171818,.90246123,.86018044,.42597765,.40127841,PLFS_2122,July 2021 - June 2022,CHATTISGARH
.80318028,.75106567,.76955605,.73858148,.88065416,.79565704,.93100172,.89203131,.54894555,.50335795,PLFS_2122,July 2021 - June 2022,MADHYA PRADESH
.65669924,.62313998,.59554398,.57821625,.81104356,.76096356,.81009799,.77367705,.45142856,.43192002,PLFS_2122,July 2021 - June 2022,GUJARAT
.40625,.28341386,.29698375,.18372093,.63157892,.50785339,.63283581,.43613708,.15737705,.12,PLFS_2122,July 2021 - June 2022,D & N. HAVELI & DAMAN & DIU
.63860995,.62118202,.59915656,.58198637,.72445464,.70923001,.85466498,.83516955,.40780035,.39451349,PLFS_2122,July 2021 - June 2022,MAHARASHTRA
.67791313,.64954245,.63527149,.60689992,.75703436,.73248106,.8144381,.78354758,.44580346,.42667806,PLFS_2122,July 2021 - June 2022,ANDHRA PRADESH
.64543021,.63009548,.63333333,.61947644,.67570388,.65789473,.83107132,.81470501,.44792625,.43707377,PLFS_2122,July 2021 - June 2022,KARNATAKA
.36261982,.33977455,.36743215,.34171909,.34693879,.33333334,.45296168,.41696113,.2861357,.27514791,PLFS_2122,July 2021 - June 2022,GOA
.375,.36666667,.41964287,.41517857,.16666667,.13043478,.42045453,.40229884,.35326087,.34972677,PLFS_2122,July 2021 - June 2022,LAKSHDWEEP
.57645422,.50408995,.60714287,.56102997,.52203679,.37834883,.65149456,.57378304,.51399493,.44829702,PLFS_2122,July 2021 - June 2022,KERALA
.62007684,.5898248,.57326251,.54722887,.7075991,.67433625,.76272708,.7256521,.45660689,.43820694,PLFS_2122,July 2021 - June 2022,TAMIL NADU
.38585609,.35301667,.35608855,.32710281,.44696969,.40983605,.58744395,.52380955,.30874786,.28998244,PLFS_2122,July 2021 - June 2022,PONDICHERRY
.60397351,.53250349,.597166,.53643727,.61685824,.52401745,.78151262,.66972476,.44472361,.41919193,PLFS_2122,July 2021 - June 2022,A & N ISLANDS
.67031807,.64371514,.63075924,.59861934,.74354357,.72839504,.89623398,.86177194,.41981342,.40467626,PLFS_2122,July 2021 - June 2022,TELANGANA
.67105263,.54166669,.65172416,.56227756,.70481926,.48543689,.81467181,.63076925,.48223349,.44973546,PLFS_2122,July 2021 - June 2022,LADAKH
.7476548,.60773158,.70929658,.61137801,.8145923,.595092,.87260991,.71442556,.51130199,.44685039,PLFS_2223,July 2022 - June 2023,JAMMU & KASHMIR
.81654674,.67887169,.76823819,.59721506,.86840701,.76945078,.89208418,.74370277,.32562619,.27592954,PLFS_2223,July 2022 - June 2023,HIMACHAL PRADESH
.55331302,.53442562,.55555558,.5436396,.54640716,.50451189,.68383986,.65794533,.41542679,.4074367,PLFS_2223,July 2022 - June 2023,PUNJAB
.23715416,.22244489,.2371134,.22597402,.23931624,.21238938,.28409091,.27586207,.22727273,.21116506,PLFS_2223,July 2022 - June 2023,CHANDIGARH
.69671535,.63094246,.64668095,.61372441,.80389911,.68358713,.82853788,.75143677,.48023143,.46421471,PLFS_2223,July 2022 - June 2023,UTTARANCHAL
.49962604,.48182735,.47817954,.46339175,.58530509,.55874676,.63199258,.60581887,.34469697,.33752048,PLFS_2223,July 2022 - June 2023,HARYANA
.33224222,.32782823,.33206469,.32727271,.33333334,.33132529,.49295774,.46478873,.32232842,.31929824,PLFS_2223,July 2022 - June 2023,DELHI
.75855583,.70962048,.69447988,.64941049,.87520742,.84012789,.89213961,.8359133,.49063274,.47339848,PLFS_2223,July 2022 - June 2023,RAJASTHAN
.81693923,.77005541,.78672701,.75530124,.89914215,.83365053,.91616553,.87174219,.59045279,.56792778,PLFS_2223,July 2022 - June 2023,UTTAR PRADESH
.83011699,.80461067,.81588179,.80289638,.88421053,.81489843,.89796329,.87494367,.64465064,.62776202,PLFS_2223,July 2022 - June 2023,BIHAR
.69623655,.59533608,.66666669,.55204678,.73821139,.65671641,.81201553,.67725921,.43421054,.41241685,PLFS_2223,July 2022 - June 2023,SIKKIM
.74980229,.67790568,.69576722,.60915333,.83016396,.78058785,.84380811,.76662779,.52083331,.46610957,PLFS_2223,July 2022 - June 2023,ARUNACHAL PRADESH
.70659554,.64040923,.62542373,.56126821,.81519276,.7576142,.81337482,.75061327,.52963918,.45628417,PLFS_2223,July 2022 - June 2023,NAGALAND
.71978337,.71086401,.68412232,.67476946,.79553574,.78750002,.77987772,.77141267,.6565243,.64716208,PLFS_2223,July 2022 - June 2023,MANIPUR
.75948489,.70926183,.71747851,.65616047,.82446808,.79148179,.88675624,.83189243,.68705624,.63954121,PLFS_2223,July 2022 - June 2023,MIZORAM
.74348378,.72069746,.72960585,.71179438,.77489626,.74183005,.80980754,.78677839,.59336102,.57112747,PLFS_2223,July 2022 - June 2023,TRIPURA
.69378698,.68102491,.71457487,.71109605,.66857612,.64444447,.80889118,.79497695,.39223561,.38140163,PLFS_2223,July 2022 - June 2023,MEGHALAYA
.76488984,.67154574,.73883307,.68424463,.81663835,.63459122,.82887036,.72851604,.50644702,.45978755,PLFS_2223,July 2022 - June 2023,ASSAM
.68126905,.62483436,.66017675,.6276775,.73550725,.61443496,.8281275,.77135444,.4867067,.44560289,PLFS_2223,July 2022 - June 2023,WEST BENGAL
.82696098,.73490614,.77572638,.71092492,.9225989,.82359952,.93420684,.84976709,.56825823,.51830161,PLFS_2223,July 2022 - June 2023,JHARKHAND
.7733258,.68883413,.72560173,.66315556,.86081028,.75921375,.85735029,.77409637,.47520927,.41400832,PLFS_2223,July 2022 - June 2023,ORISSA
.77340299,.72224557,.7291249,.6734134,.84022176,.79956543,.91278237,.85610861,.44429439,.41429561,PLFS_2223,July 2022 - June 2023,CHATTISGARH
.79830807,.71805274,.76074821,.70900989,.87956917,.75342464,.93036813,.86276084,.52694613,.46969697,PLFS_2223,July 2022 - June 2023,MADHYA PRADESH
.64860517,.61256027,.58105969,.55789894,.79107589,.74802762,.82501191,.78164154,.4203077,.40216354,PLFS_2223,July 2022 - June 2023,GUJARAT
.43273905,.35889071,.33027524,.25057471,.67955804,.62359548,.61874998,.49683544,.23232323,.21212122,PLFS_2223,July 2022 - June 2023,D & N. HAVELI & DAMAN & DIU
.62534022,.60612214,.57783729,.55657327,.72133273,.7081669,.85229272,.82903755,.36991933,.35566851,PLFS_2223,July 2022 - June 2023,MAHARASHTRA
.6783464,.64731723,.63691342,.60399413,.75042158,.72562855,.81218779,.77789176,.46424291,.44161615,PLFS_2223,July 2022 - June 2023,ANDHRA PRADESH
.65347403,.63803679,.63988739,.62502718,.68194193,.66666669,.84528953,.82914573,.45478961,.44212121,PLFS_2223,July 2022 - June 2023,KARNATAKA
.34238312,.323217,.35639414,.33894736,.30645162,.28260869,.4227941,.40148699,.28644502,.26923078,PLFS_2223,July 2022 - June 2023,GOA
.49794239,.4618834,.519337,.50837988,.43548387,.27272728,.48148149,.4556962,.50617284,.46527779,PLFS_2223,July 2022 - June 2023,LAKSHDWEEP
.55652589,.48861647,.5873456,.54363638,.50407553,.37473118,.65239382,.59085757,.47118849,.40026119,PLFS_2223,July 2022 - June 2023,KERALA
.59390616,.55450958,.54253876,.51614368,.68956816,.63162708,.74482125,.69384998,.420665,.40046889,PLFS_2223,July 2022 - June 2023,TAMIL NADU
.37707007,.33725491,.38076922,.33075434,.36981133,.35080644,.57522124,.51173711,.29695886,.26992753,PLFS_2223,July 2022 - June 2023,PONDICHERRY
.46234068,.39003646,.46812385,.39814815,.45222929,.3745583,.63999999,.53809524,.26876512,.235732,PLFS_2223,July 2022 - June 2023,A & N ISLANDS
.65517986,.61636603,.59512681,.54918587,.76442015,.74030036,.87856853,.82648402,.39749536,.37950397,PLFS_2223,July 2022 - June 2023,TELANGANA
.69305021,.58114034,.64193547,.56065571,.76923078,.62251657,.84210527,.71641791,.44615385,.38829789,PLFS_2223,July 2022 - June 2023,LADAKH
.7454378,.60568792,.71245694,.61495566,.79991865,.57664812,.86259907,.70336491,.53859204,.46616891,PLFS_2324,July 2023 - June 2024,JAMMU & KASHMIR
.80309278,.6829136,.74757284,.6026026,.86593407,.7775811,.88384753,.74823833,.33797911,.3257443,PLFS_2324,July 2023 - June 2024,HIMACHAL PRADESH
.56513518,.5427683,.55974358,.54695135,.58027357,.52983296,.69659215,.66806722,.42500001,.41290578,PLFS_2324,July 2023 - June 2024,PUNJAB
.21111111,.19288389,.25,.23116884,.1118421,.093959734,,,.21111111,.19288389,PLFS_2324,July 2023 - June 2024,CHANDIGARH
.68756425,.61748636,.63240045,.5937674,.78416586,.67320263,.82785517,.75151515,.46352312,.43268338,PLFS_2324,July 2023 - June 2024,UTTARANCHAL
.54491019,.52688444,.51711887,.4972465,.63925439,.62933928,.69921696,.67552447,.36254764,.35313353,PLFS_2324,July 2023 - June 2024,HARYANA
.33998403,.33145162,.34633681,.3374761,.30693069,.29896906,.40789473,.40789473,.33559898,.32646048,PLFS_2324,July 2023 - June 2024,DELHI
.75604594,.6941365,.68195999,.62847549,.87060159,.82167453,.88521826,.82165486,.50394738,.46579581,PLFS_2324,July 2023 - June 2024,RAJASTHAN
.81469786,.76477307,.78500468,.75548118,.88929182,.80451977,.91668129,.87203223,.58424073,.56086957,PLFS_2324,July 2023 - June 2024,UTTAR PRADESH
.83839595,.79602301,.8169167,.79600888,.89863151,.79609758,.91136283,.8754915,.62962961,.60032278,PLFS_2324,July 2023 - June 2024,BIHAR
.64871961,.56454849,.61926091,.53680634,.69047618,.60457516,.75466144,.63691074,.43452382,.41967872,PLFS_2324,July 2023 - June 2024,SIKKIM
.74172187,.67420352,.69384217,.61080837,.80406553,.7568047,.85877466,.78773409,.45707071,.40975192,PLFS_2324,July 2023 - June 2024,ARUNACHAL PRADESH
.71360832,.63320082,.65042019,.57045841,.79542983,.72182256,.81739128,.73060882,.55805689,.4895449,PLFS_2324,July 2023 - June 2024,NAGALAND
.74282461,.72720993,.69553399,.68098402,.80991733,.79360628,.82043058,.80767453,.66606253,.64740944,PLFS_2324,July 2023 - June 2024,MANIPUR
.72717625,.71266806,.66898549,.65101451,.81834698,.8092643,.86158478,.84252757,.65390927,.64188081,PLFS_2324,July 2023 - June 2024,MIZORAM
.77261835,.74341494,.75046468,.72611767,.8128162,.77676952,.84127641,.81373394,.59351349,.56075805,PLFS_2324,July 2023 - June 2024,TRIPURA
.71729821,.65202111,.70807451,.68032789,.72771931,.61636221,.82880437,.75543481,.41958886,.39707673,PLFS_2324,July 2023 - June 2024,MEGHALAYA
.75020432,.64126736,.73004043,.65954691,.78601134,.5950954,.81465149,.69741482,.48719722,.43108505,PLFS_2324,July 2023 - June 2024,ASSAM
.699386,.62038803,.67116421,.62848943,.75747156,.59316087,.82903272,.75086886,.52532417,.46116072,PLFS_2324,July 2023 - June 2024,WEST BENGAL
.81941009,.72337383,.76756597,.70236611,.91228068,.79187816,.93818569,.84734756,.52700925,.48246846,PLFS_2324,July 2023 - June 2024,JHARKHAND
.76691931,.67093092,.71317828,.63379663,.85366702,.75703323,.8449983,.74776787,.49188215,.42820513,PLFS_2324,July 2023 - June 2024,ORISSA
.77825159,.72815931,.72579068,.66890532,.8551625,.81893003,.91784936,.86528498,.43612039,.39917126,PLFS_2324,July 2023 - June 2024,CHATTISGARH
.81685823,.7280519,.77496672,.71583414,.89377886,.77123821,.93906909,.86919671,.55820894,.48185483,PLFS_2324,July 2023 - June 2024,MADHYA PRADESH
.65740126,.60388857,.5819838,.55055034,.80186117,.73564953,.83275425,.77610028,.42098689,.37835121,PLFS_2324,July 2023 - June 2024,GUJARAT
.52941179,.35239568,.43340859,.23515981,.7227273,.59808612,.76986301,.48725212,.23489933,.19047619,PLFS_2324,July 2023 - June 2024,D & N. HAVELI & DAMAN & DIU
.63096082,.60460609,.58982509,.56135494,.71355605,.69384617,.86087072,.82493478,.37859899,.36348611,PLFS_2324,July 2023 - June 2024,MAHARASHTRA
.66161299,.63660896,.61172432,.58458877,.749246,.73022223,.8138352,.78360146,.418897,.40490797,PLFS_2324,July 2023 - June 2024,ANDHRA PRADESH
.66570783,.6483025,.65036672,.6342665,.69848055,.67940444,.85680819,.83848697,.46112853,.44712606,PLFS_2324,July 2023 - June 2024,KARNATAKA
.37808642,.35448918,.39207047,.36343613,.34536082,.33333334,.44561404,.40636042,.32506886,.3140496,PLFS_2324,July 2023 - June 2024,GOA
.44814816,.42696628,.490991,.47297296,.25,.2,.49462366,.44565219,.42372882,.41714287,PLFS_2324,July 2023 - June 2024,LAKSHDWEEP
.53495729,.4500353,.55709434,.50013512,.50100201,.35557818,.61839396,.53343701,.46361503,.38065976,PLFS_2324,July 2023 - June 2024,KERALA
.57940292,.52439898,.51674718,.47937009,.68340665,.60776871,.7290194,.65505087,.40621066,.38140133,PLFS_2324,July 2023 - June 2024,TAMIL NADU
.3302139,.29068151,.35445544,.3253012,.2798354,.21266969,.52284265,.45555556,.261343,.23562153,PLFS_2324,July 2023 - June 2024,PONDICHERRY
.42427617,.35472578,.41737649,.36254296,.43729904,.33818182,.62173915,.51264369,.21689498,.19194312,PLFS_2324,July 2023 - June 2024,A & N ISLANDS
.65607792,.6171279,.60831654,.56363016,.73793101,.71170086,.85912055,.81168008,.4360106,.41060197,PLFS_2324,July 2023 - June 2024,TELANGANA
.6680162,.60698688,.6242038,.58520901,.74444443,.65306121,.81099659,.72796935,.46305418,.44670051,PLFS_2324,July 2023 - June 2024,LADAKH
